crop_name,variety_and_condition,nutrient,soil_level,recommendation_amount,unit
AMPALAYA,,NITROGEN,L,90,kg/ha
AMPALAYA,,NITROGEN,M,50,kg/ha
AMPALAYA,,NITROGEN,H,40,kg/ha
AMPALAYA,,PHOSPHORUS,L,80,kg/ha
AMPALAYA,,PHOSPHORUS,M,50,kg/ha
AMPALAYA,,PHOSPHORUS,H,20,kg/ha
AMPALAYA,,POTASSIUM,L,60,kg/ha
AMPALAYA,,POTASSIUM,M,45,kg/ha
AMPALAYA,,POTASSIUM,H,30,kg/ha
UPO,,NITROGEN,L,90,kg/ha
UPO,,NITROGEN,M,50,kg/ha
UPO,,NITROGEN,H,40,kg/ha
UPO,,PHOSPHORUS,L,80,kg/ha
UPO,,PHOSPHORUS,M,50,kg/ha
UPO,,PHOSPHORUS,H,20,kg/ha
UPO,,POTASSIUM,L,60,kg/ha
UPO,,POTASSIUM,M,45,kg/ha
UPO,,POTASSIUM,H,30,kg/ha
BATAO,,NITROGEN,L,45,kg/ha
BATAO,,NITROGEN,M,40,kg/ha
BATAO,,NITROGEN,H,35,kg/ha
BATAO,,PHOSPHORUS,L,60,kg/ha
BATAO,,PHOSPHORUS,M,35,kg/ha
BATAO,,PHOSPHORUS,H,20,kg/ha
BATAO,,POTASSIUM,L,60,kg/ha
BATAO,,POTASSIUM,M,45,kg/ha
BATAO,,POTASSIUM,H,30,kg/ha
BEANS,String beans,NITROGEN,L,50,kg/ha
BEANS,String beans,NITROGEN,M,40,kg/ha
BEANS,String beans,NITROGEN,H,35,kg/ha
BEANS,String beans,PHOSPHORUS,L,90,kg/ha
BEANS,String beans,PHOSPHORUS,M,45,kg/ha
BEANS,String beans,PHOSPHORUS,H,20,kg/ha
BEANS,String beans,POTASSIUM,L,50,kg/ha
BEANS,String beans,POTASSIUM,M,40,kg/ha
BEANS,String beans,POTASSIUM,H,30,kg/ha
BEANS,Saguic,NITROGEN,L,45,kg/ha
BEANS,Saguic,NITROGEN,M,40,kg/ha
BEANS,Saguic,NITROGEN,H,35,kg/ha
BEANS,Saguic,PHOSPHORUS,L,60,kg/ha
BEANS,Saguic,PHOSPHORUS,M,35,kg/ha
BEANS,Saguic,PHOSPHORUS,H,20,kg/ha
BEANS,Saguic,POTASSIUM,L,60,kg/ha
BEANS,Saguic,POTASSIUM,M,45,kg/ha
BEANS,Saguic,POTASSIUM,H,30,kg/ha
BEANS,Lima (Patani),NITROGEN,L,45,kg/ha
BEANS,Lima (Patani),NITROGEN,M,40,kg/ha
BEANS,Lima (Patani),NITROGEN,H,35,kg/ha
BEANS,Lima (Patani),PHOSPHORUS,L,60,kg/ha
BEANS,Lima (Patani),PHOSPHORUS,M,35,kg/ha
BEANS,Lima (Patani),PHOSPHORUS,H,20,kg/ha
BEANS,Lima (Patani),POTASSIUM,L,60,kg/ha
BEANS,Lima (Patani),POTASSIUM,M,45,kg/ha
BEANS,Lima (Patani),POTASSIUM,H,30,kg/ha
BEANS,Winged (Dwarf variety),NITROGEN,L,40,kg/ha
BEANS,Winged (Dwarf variety),NITROGEN,M,30,kg/ha
BEANS,Winged (Dwarf variety),NITROGEN,H,20,kg/ha
BEANS,Winged (Dwarf variety),PHOSPHORUS,L,40,kg/ha
BEANS,Winged (Dwarf variety),PHOSPHORUS,M,25,kg/ha
BEANS,Winged (Dwarf variety),PHOSPHORUS,H,10,kg/ha
BEANS,Winged (Dwarf variety),POTASSIUM,L,15,kg/ha
BEANS,Winged (Dwarf variety),POTASSIUM,M,30,kg/ha
BEANS,Winged (Dwarf variety),POTASSIUM,H,30,kg/ha
BEANS,Winged (Tree type),NITROGEN,L,60,kg/ha
BEANS,Winged (Tree type),NITROGEN,M,40,kg/ha
BEANS,Winged (Tree type),NITROGEN,H,30,kg/ha
BEANS,Winged (Tree type),PHOSPHORUS,L,30,kg/ha
BEANS,Winged (Tree type),PHOSPHORUS,M,20,kg/ha
BEANS,Winged (Tree type),PHOSPHORUS,H,10,kg/ha
BEANS,Winged (Tree type),POTASSIUM,L,45,kg/ha
BEANS,Winged (Tree type),POTASSIUM,M,30,kg/ha
BEANS,Winged (Tree type),POTASSIUM,H,20,kg/ha
CHAYOTE,,NITROGEN,L,60,kg/ha
CHAYOTE,,NITROGEN,M,50,kg/ha
CHAYOTE,,NITROGEN,H,40,kg/ha
CHAYOTE,,PHOSPHORUS,L,80,kg/ha
CHAYOTE,,PHOSPHORUS,M,50,kg/ha
CHAYOTE,,PHOSPHORUS,H,20,kg/ha
CHAYOTE,,POTASSIUM,L,60,kg/ha
CHAYOTE,,POTASSIUM,M,45,kg/ha
CHAYOTE,,POTASSIUM,H,30,kg/ha
CUCUMBER,,NITROGEN,L,100,kg/ha
CUCUMBER,,NITROGEN,M,80,kg/ha
CUCUMBER,,NITROGEN,H,60,kg/ha
CUCUMBER,,PHOSPHORUS,L,100,kg/ha
CUCUMBER,,PHOSPHORUS,M,60,kg/ha
CUCUMBER,,PHOSPHORUS,H,30,kg/ha
CUCUMBER,,POTASSIUM,L,60,kg/ha
CUCUMBER,,POTASSIUM,M,45,kg/ha
CUCUMBER,,POTASSIUM,H,30,kg/ha
PARSNIP,,NITROGEN,L,90,kg/ha
PARSNIP,,NITROGEN,M,60,kg/ha
PARSNIP,,NITROGEN,H,45,kg/ha
PARSNIP,,PHOSPHORUS,L,60,kg/ha
PARSNIP,,PHOSPHORUS,M,35,kg/ha
PARSNIP,,PHOSPHORUS,H,20,kg/ha
PARSNIP,,POTASSIUM,L,60,kg/ha
PARSNIP,,POTASSIUM,M,45,kg/ha
PARSNIP,,POTASSIUM,H,30,kg/ha
PATANI,,NITROGEN,L,45,kg/ha
PATANI,,NITROGEN,M,40,kg/ha
PATANI,,NITROGEN,H,65,kg/ha
PATANI,,PHOSPHORUS,L,60,kg/ha
PATANI,,PHOSPHORUS,M,35,kg/ha
PATANI,,PHOSPHORUS,H,20,kg/ha
PATANI,,POTASSIUM,L,60,kg/ha
PATANI,,POTASSIUM,M,45,kg/ha
PATANI,,POTASSIUM,H,30,kg/ha
PATOLA,,NITROGEN,L,90,kg/ha
PATOLA,,NITROGEN,M,60,kg/ha
PATOLA,,NITROGEN,H,30,kg/ha
PATOLA,,PHOSPHORUS,L,80,kg/ha
PATOLA,,PHOSPHORUS,M,50,kg/ha
PATOLA,,PHOSPHORUS,H,20,kg/ha
PATOLA,,POTASSIUM,L,60,kg/ha
PATOLA,,POTASSIUM,M,45,kg/ha
PATOLA,,POTASSIUM,H,30,kg/ha
PEAS,,NITROGEN,L,20,kg/ha
PEAS,,NITROGEN,M,10,kg/ha
PEAS,,NITROGEN,H,7,kg/ha
PEAS,,PHOSPHORUS,L,40,kg/ha
PEAS,,PHOSPHORUS,M,35,kg/ha
PEAS,,PHOSPHORUS,H,10,kg/ha
PEAS,,POTASSIUM,L,45,kg/ha
PEAS,,POTASSIUM,M,30,kg/ha
PEAS,,POTASSIUM,H,20,kg/ha
CARROT,,NITROGEN,L,90,kg/ha
CARROT,,NITROGEN,M,80,kg/ha
CARROT,,NITROGEN,H,70,kg/ha
CARROT,,PHOSPHORUS,L,90,kg/ha
CARROT,,PHOSPHORUS,M,60,kg/ha
CARROT,,PHOSPHORUS,H,30,kg/ha
CARROT,,POTASSIUM,L,120,kg/ha
CARROT,,POTASSIUM,M,75,kg/ha
CARROT,,POTASSIUM,H,30,kg/ha
ONION,,NITROGEN,L,90,kg/ha
ONION,,NITROGEN,M,60,kg/ha
ONION,,NITROGEN,H,30,kg/ha
ONION,,PHOSPHORUS,L,80,kg/ha
ONION,,PHOSPHORUS,M,50,kg/ha
ONION,,PHOSPHORUS,H,20,kg/ha
ONION,,POTASSIUM,L,50,kg/ha
ONION,,POTASSIUM,M,30,kg/ha
ONION,,POTASSIUM,H,20,kg/ha
GARLIC,,NITROGEN,L,90,kg/ha
GARLIC,,NITROGEN,M,60,kg/ha
GARLIC,,NITROGEN,H,30,kg/ha
GARLIC,,PHOSPHORUS,L,80,kg/ha
GARLIC,,PHOSPHORUS,M,50,kg/ha
GARLIC,,PHOSPHORUS,H,20,kg/ha
GARLIC,,POTASSIUM,L,50,kg/ha
GARLIC,,POTASSIUM,M,30,kg/ha
GARLIC,,POTASSIUM,H,20,kg/ha
GINGER,Local,NITROGEN,L,40,kg/ha
GINGER,Local,NITROGEN,M,30,kg/ha
GINGER,Local,NITROGEN,H,20,kg/ha
GINGER,Local,PHOSPHORUS,L,60,kg/ha
GINGER,Local,PHOSPHORUS,M,35,kg/ha
GINGER,Local,PHOSPHorus,H,20,kg/ha
GINGER,Local,POTASSIUM,L,120,kg/ha
GINGER,Local,POTASSIUM,M,75,kg/ha
GINGER,Local,POTASSIUM,H,30,kg/ha
GINGER,Improved,NITROGEN,L,80,kg/ha
GINGER,Improved,NITROGEN,M,70,kg/ha
GINGER,Improved,NITROGEN,H,60,kg/ha
GINGER,Improved,PHOSPHORUS,L,60,kg/ha
GINGER,Improved,PHOSPHORUS,M,35,kg/ha
GINGER,Improved,PHOSPHORUS,H,20,kg/ha
GINGER,Improved,POTASSIUM,L,120,kg/ha
GINGER,Improved,POTASSIUM,M,75,kg/ha
GINGER,Improved,POTASSIUM,H,30,kg/ha
POTATO,,NITROGEN,L,80,kg/ha
POTATO,,NITROGEN,M,70,kg/ha
POTATO,,NITROGEN,H,60,kg/ha
POTATO,,PHOSPHORUS,L,60,kg/ha
POTATO,,PHOSPHORUS,M,35,kg/ha
POTATO,,PHOSPHORUS,H,20,kg/ha
POTATO,,POTASSIUM,L,90,kg/ha
POTATO,,POTASSIUM,M,60,kg/ha
POTATO,,POTASSIUM,H,30,kg/ha
RADISH/TURNIPS,,NITROGEN,L,90,kg/ha
RADISH/TURNIPS,,NITROGEN,M,80,kg/ha
RADISH/TURNIPS,,NITROGEN,H,70,kg/ha
RADISH/TURNIPS,,PHOSPHORUS,L,90,kg/ha
RADISH/TURNIPS,,PHOSPHORUS,M,60,kg/ha
RADISH/TURNIPS,,PHOSPHORUS,H,30,kg/ha
RADISH/TURNIPS,,POTASSIUM,L,120,kg/ha
RADISH/TURNIPS,,POTASSIUM,M,75,kg/ha
RADISH/TURNIPS,,POTASSIUM,H,30,kg/ha
ASPARAGUS,,NITROGEN,L,90,kg/ha
ASPARAGUS,,NITROGEN,M,60,kg/ha
ASPARAGUS,,NITROGEN,H,45,kg/ha
ASPARAGUS,,PHOSPHORUS,L,40,kg/ha
ASPARAGUS,,PHOSPHORUS,M,25,kg/ha
ASPARAGUS,,PHOSPHORUS,H,10,kg/ha
ASPARAGUS,,POTASSIUM,L,60,kg/ha
ASPARAGUS,,POTASSIUM,M,45,kg/ha
ASPARAGUS,,POTASSIUM,H,30,kg/ha
BROCCOLI,,NITROGEN,L,60,kg/ha
BROCCOLI,,NITROGEN,M,50,kg/ha
BROCCOLI,,NITROGEN,H,10,kg/ha
BROCCOLI,,PHOSPHORUS,L,60,kg/ha
BROCCOLI,,PHOSPHORUS,M,35,kg/ha
BROCCOLI,,PHOSPHORUS,H,20,kg/ha
BROCCOLI,,POTASSIUM,L,60,kg/ha
BROCCOLI,,POTASSIUM,M,45,kg/ha
BROCCOLI,,POTASSIUM,H,30,kg/ha
CABBAGE,Local,NITROGEN,L,150,kg/ha
CABBAGE,Local,NITROGEN,M,140,kg/ha
CABBAGE,Local,NITROGEN,H,120,kg/ha
CABBAGE,Local,PHOSPHORUS,L,60,kg/ha
CABBAGE,Local,PHOSPHORUS,M,35,kg/ha
CABBAGE,Local,PHOSPHORUS,H,20,kg/ha
CABBAGE,Local,POTASSIUM,L,75,kg/ha
CABBAGE,Local,POTASSIUM,M,60,kg/ha
CABBAGE,Local,POTASSIUM,H,30,kg/ha
CABBAGE,Chinese,NITROGEN,L,150,kg/ha
CABBAGE,Chinese,NITROGEN,M,140,kg/ha
CABBAGE,Chinese,NITROGEN,H,120,kg/ha
CABBAGE,Chinese,PHOSPHORUS,L,60,kg/ha
CABBAGE,Chinese,PHOSPHORUS,M,35,kg/ha
CABBAGE,Chinese,PHOSPHORUS,H,20,kg/ha
CABBAGE,Chinese,POTASSIUM,L,75,kg/ha
CABBAGE,Chinese,POTASSIUM,M,60,kg/ha
CABBAGE,Chinese,POTASSIUM,H,30,kg/ha
CAULIFLOWER/CABBAGE (HEAD)/LETTUCE (HEAD),,NITROGEN,L,150,kg/ha
CAULIFLOWER/CABBAGE (HEAD)/LETTUCE (HEAD),,NITROGEN,M,140,kg/ha
CAULIFLOWER/CABBAGE (HEAD)/LETTUCE (HEAD),,NITROGEN,H,120,kg/ha
CAULIFLOWER/CABBAGE (HEAD)/LETTUCE (HEAD),,PHOSPHORUS,L,60,kg/ha
CAULIFLOWER/CABBAGE (HEAD)/LETTUCE (HEAD),,PHOSPHORUS,M,35,kg/ha
CAULIFLOWER/CABBAGE (HEAD)/LETTUCE (HEAD),,PHOSPHORUS,H,20,kg/ha
CAULIFLOWER/CABBAGE (HEAD)/LETTUCE (HEAD),,POTASSIUM,L,60,kg/ha
CAULIFLOWER/CABBAGE (HEAD)/LETTUCE (HEAD),,POTASSIUM,M,45,kg/ha
CAULIFLOWER/CABBAGE (HEAD)/LETTUCE (HEAD),,POTASSIUM,H,30,kg/ha
MUSTARD,,NITROGEN,L,150,kg/ha
MUSTARD,,NITROGEN,M,140,kg/ha
MUSTARD,,NITROGEN,H,120,kg/ha
MUSTARD,,PHOSPHORUS,L,60,kg/ha
MUSTARD,,PHOSPHORUS,M,35,kg/ha
MUSTARD,,PHOSPHORUS,H,20,kg/ha
MUSTARD,,POTASSIUM,L,75,kg/ha
MUSTARD,,POTASSIUM,M,60,kg/ha
MUSTARD,,POTASSIUM,H,30,kg/ha
PECHAY,,NITROGEN,L,150,kg/ha
PECHAY,,NITROGEN,M,140,kg/ha
PECHAY,,NITROGEN,H,120,kg/ha
PECHAY,,PHOSPHORUS,L,60,kg/ha
PECHAY,,PHOSPHORUS,M,35,kg/ha
PECHAY,,PHOSPHORUS,H,20,kg/ha
PECHAY,,POTASSIUM,L,75,kg/ha
PECHAY,,POTASSIUM,M,60,kg/ha
PECHAY,,POTASSIUM,H,30,kg/ha
CELERY,,NITROGEN,L,60,kg/ha
CELERY,,NITROGEN,M,50,kg/ha
CELERY,,NITROGEN,H,40,kg/ha
CELERY,,PHOSPHORUS,L,90,kg/ha
CELERY,,PHOSPHORUS,M,50,kg/ha
CELERY,,PHOSPHORUS,H,20,kg/ha
CELERY,,POTASSIUM,L,60,kg/ha
CELERY,,POTASSIUM,M,45,kg/ha
CELERY,,POTASSIUM,H,30,kg/ha
CHILI,Bell Pepper,NITROGEN,L,90,kg/ha
CHILI,Bell Pepper,NITROGEN,M,80,kg/ha
CHILI,Bell Pepper,NITROGEN,H,70,kg/ha
CHILI,Bell Pepper,PHOSPHORUS,L,80,kg/ha
CHILI,Bell Pepper,PHOSPHORUS,M,50,kg/ha
CHILI,Bell Pepper,PHOSPHORUS,H,20,kg/ha
CHILI,Bell Pepper,POTASSIUM,L,150,kg/ha
CHILI,Bell Pepper,POTASSIUM,M,75,kg/ha
CHILI,Bell Pepper,POTASSIUM,H,30,kg/ha
CHILI,Green (sinigang),NITROGEN,L,120,kg/ha
CHILI,Green (sinigang),NITROGEN,M,90,kg/ha
CHILI,Green (sinigang),NITROGEN,H,60,kg/ha
CHILI,Green (sinigang),PHOSPHORUS,L,80,kg/ha
CHILI,Green (sinigang),PHOSPHORUS,M,50,kg/ha
CHILI,Green (sinigang),PHOSPHORUS,H,20,kg/ha
CHILI,Green (sinigang),POTASSIUM,L,150,kg/ha
CHILI,Green (sinigang),POTASSIUM,M,120,kg/ha
CHILI,Green (sinigang),POTASSIUM,H,60,kg/ha
CHILI,Pepper,NITROGEN,L,90,kg/ha
CHILI,Pepper,NITROGEN,M,60,kg/ha
CHILI,Pepper,NITROGEN,H,30,kg/ha
CHILI,Pepper,PHOSPHORUS,L,80,kg/ha
CHILI,Pepper,PHOSPHORUS,M,50,kg/ha
CHILI,Pepper,PHOSPHORUS,H,20,kg/ha
CHILI,Pepper,POTASSIUM,L,150,kg/ha
CHILI,Pepper,POTASSIUM,M,120,kg/ha
CHILI,Pepper,POTASSIUM,H,60,kg/ha
CHILI,Black Pepper,NITROGEN,L,0.04,kg/ha
CHILI,Black Pepper,NITROGEN,M,0.02,kg/ha
CHILI,Black Pepper,NITROGEN,H,0.01,kg/ha
CHILI,Black Pepper,PHOSPHORUS,L,0.04,kg/ha
CHILI,Black Pepper,PHOSPHORUS,M,0.03,kg/ha
CHILI,Black Pepper,PHOSPHORUS,H,0.01,kg/ha
CHILI,Black Pepper,POTASSIUM,L,0.03,kg/ha
CHILI,Black Pepper,POTASSIUM,M,0.02,kg/ha
CHILI,Black Pepper,POTASSIUM,H,0.01,kg/ha
EGGPLANT,,NITROGEN,L,90,kg/ha
EGGPLANT,,NITROGEN,M,80,kg/ha
EGGPLANT,,NITROGEN,H,70,kg/ha
EGGPLANT,,PHOSPHORUS,L,80,kg/ha
EGGPLANT,,PHOSPHORUS,M,50,kg/ha
EGGPLANT,,PHOSPHORUS,H,20,kg/ha
EGGPLANT,,POTASSIUM,L,90,kg/ha
EGGPLANT,,POTASSIUM,M,60,kg/ha
EGGPLANT,,POTASSIUM,H,30,kg/ha
OKRA,Local,NITROGEN,L,90,kg/ha
OKRA,Local,NITROGEN,M,80,kg/ha
OKRA,Local,NITROGEN,H,80,kg/ha
OKRA,Local,PHOSPHORUS,L,80,kg/ha
OKRA,Local,PHOSPHORUS,M,50,kg/ha
OKRA,Local,PHOSPHORUS,H,20,kg/ha
OKRA,Local,POTASSIUM,L,90,kg/ha
OKRA,Local,POTASSIUM,M,60,kg/ha
OKRA,Local,POTASSIUM,H,30,kg/ha
OKRA,Hybrid,NITROGEN,L,120,kg/ha
OKRA,Hybrid,NITROGEN,M,100,kg/ha
OKRA,Hybrid,NITROGEN,H,70,kg/ha
OKRA,Hybrid,PHOSPHORUS,L,80,kg/ha
OKRA,Hybrid,PHOSPHORUS,M,50,kg/ha
OKRA,Hybrid,PHOSPHORUS,H,20,kg/ha
OKRA,Hybrid,POTASSIUM,L,90,kg/ha
OKRA,Hybrid,POTASSIUM,M,60,kg/ha
OKRA,Hybrid,POTASSIUM,H,30,kg/ha
TOMATO,,NITROGEN,L,90,kg/ha
TOMATO,,NITROGEN,M,80,kg/ha
TOMATO,,NITROGEN,H,70,kg/ha
TOMATO,,PHOSPHORUS,L,120,kg/ha
TOMATO,,PHOSPHORUS,M,75,kg/ha
TOMATO,,PHOSPHORUS,H,30,kg/ha
TOMATO,,POTASSIUM,L,90,kg/ha
TOMATO,,POTASSIUM,M,60,kg/ha
TOMATO,,POTASSIUM,H,30,kg/ha
SQUASH,,NITROGEN,L,90,kg/ha
SQUASH,,NITROGEN,M,50,kg/ha
SQUASH,,NITROGEN,H,40,kg/ha
SQUASH,,PHOSPHORUS,L,80,kg/ha
SQUASH,,PHOSPHORUS,M,50,kg/ha
SQUASH,,PHOSPHORUS,H,30,kg/ha
SQUASH,,POTASSIUM,L,60,kg/ha
SQUASH,,POTASSIUM,M,45,kg/ha
SQUASH,,POTASSIUM,H,30,kg/ha
BASIL,,NITROGEN,L,0.001,kg/ha
BASIL,,NITROGEN,M,0.001,kg/ha
BASIL,,NITROGEN,H,0.001,kg/ha
BASIL,,PHOSPHORUS,L,0.001,kg/ha
BASIL,,PHOSPHORUS,M,0.001,kg/ha
BASIL,,PHOSPHORUS,H,0.001,kg/ha
BASIL,,POTASSIUM,L,0.001,kg/ha
BASIL,,POTASSIUM,M,0.001,kg/ha
BASIL,,POTASSIUM,H,0.001,kg/ha
MINT HERB,,NITROGEN,L,80,kg/ha
MINT HERB,,NITROGEN,M,40,kg/ha
MINT HERB,,NITROGEN,H,20,kg/ha
MINT HERB,,PHOSPHORUS,L,80,kg/ha
MINT HERB,,PHOSPHORUS,M,80,kg/ha
MINT HERB,,PHOSPHORUS,H,40,kg/ha
MINT HERB,,POTASSIUM,L,20,kg/ha
MINT HERB,,POTASSIUM,M,10,kg/ha
MINT HERB,,POTASSIUM,H,7,kg/ha
RICE,Hybrid (Light Soils - Wet Season),NITROGEN,L,120,kg/ha
RICE,Hybrid (Light Soils - Wet Season),NITROGEN,M,90,kg/ha
RICE,Hybrid (Light Soils - Wet Season),NITROGEN,H,60,kg/ha
RICE,Hybrid (Light Soils - Wet Season),PHOSPHORUS,L,70,kg/ha
RICE,Hybrid (Light Soils - Wet Season),PHOSPHORUS,M,50,kg/ha
RICE,Hybrid (Light Soils - Wet Season),PHOSPHORUS,H,30,kg/ha
RICE,Hybrid (Light Soils - Wet Season),POTASSIUM,L,70,kg/ha
RICE,Hybrid (Light Soils - Wet Season),POTASSIUM,M,50,kg/ha
RICE,Hybrid (Light Soils - Wet Season),POTASSIUM,H,30,kg/ha
RICE,Hybrid (Light Soils - Dry Season),NITROGEN,L,140,kg/ha
RICE,Hybrid (Light Soils - Dry Season),NITROGEN,M,110,kg/ha
RICE,Hybrid (Light Soils - Dry Season),NITROGEN,H,80,kg/ha
RICE,Hybrid (Light Soils - Dry Season),PHOSPHORUS,L,70,kg/ha
RICE,Hybrid (Light Soils - Dry Season),PHOSPHORUS,M,50,kg/ha
RICE,Hybrid (Light Soils - Dry Season),PHOSPHORUS,H,30,kg/ha
RICE,Hybrid (Light Soils - Dry Season),POTASSIUM,L,50,kg/ha
RICE,Hybrid (Light Soils - Dry Season),POTASSIUM,M,70,kg/ha
RICE,Hybrid (Light Soils - Dry Season),POTASSIUM,H,30,kg/ha
RICE,Upland (Light Soils),NITROGEN,L,45,kg/ha
RICE,Upland (Light Soils),NITROGEN,M,40,kg/ha
RICE,Upland (Light Soils),NITROGEN,H,30,kg/ha
RICE,Upland (Light Soils),PHOSPHORUS,L,60,kg/ha
RICE,Upland (Light Soils),PHOSPHORUS,M,40,kg/ha
RICE,Upland (Light Soils),PHOSPHORUS,H,30,kg/ha
RICE,Upland (Light Soils),POTASSIUM,L,45,kg/ha
RICE,Upland (Light Soils),POTASSIUM,M,60,kg/ha
RICE,Upland (Light Soils),POTASSIUM,H,50,kg/ha
RICE,Inbred (Light Soils - Wet Season),NITROGEN,L,100,kg/ha
RICE,Inbred (Light Soils - Wet Season),NITROGEN,M,70,kg/ha
RICE,Inbred (Light Soils - Wet Season),NITROGEN,H,40,kg/ha
RICE,Inbred (Light Soils - Wet Season),PHOSPHORUS,L,60,kg/ha
RICE,Inbred (Light Soils - Wet Season),PHOSPHORUS,M,40,kg/ha
RICE,Inbred (Light Soils - Wet Season),PHOSPHORUS,H,20,kg/ha
RICE,Inbred (Light Soils - Wet Season),POTASSIUM,L,60,kg/ha
RICE,Inbred (Light Soils - Wet Season),POTASSIUM,M,40,kg/ha
RICE,Inbred (Light Soils - Wet Season),POTASSIUM,H,20,kg/ha
RICE,Inbred (Light Soils - Dry Season),NITROGEN,L,120,kg/ha
RICE,Inbred (Light Soils - Dry Season),NITROGEN,M,90,kg/ha
RICE,Inbred (Light Soils - Dry Season),NITROGEN,H,60,kg/ha
RICE,Inbred (Light Soils - Dry Season),PHOSPHORUS,L,60,kg/ha
RICE,Inbred (Light Soils - Dry Season),PHOSPHORUS,M,40,kg/ha
RICE,Inbred (Light Soils - Dry Season),PHOSPHORUS,H,20,kg/ha
RICE,Inbred (Light Soils - Dry Season),POTASSIUM,L,60,kg/ha
RICE,Inbred (Light Soils - Dry Season),POTASSIUM,M,40,kg/ha
RICE,Inbred (Light Soils - Dry Season),POTASSIUM,H,20,kg/ha
RICE,Inbred (Med-Heavy Soils - Wet Season),NITROGEN,L,90,kg/ha
RICE,Inbred (Med-Heavy Soils - Wet Season),NITROGEN,M,60,kg/ha
RICE,Inbred (Med-Heavy Soils - Wet Season),NITROGEN,H,30,kg/ha
RICE,Inbred (Med-Heavy Soils - Wet Season),PHOSPHORUS,M,40,kg/ha
RICE,Inbred (Med-Heavy Soils - Wet Season),PHOSPHORUS,H,20,kg/ha
RICE,Inbred (Med-Heavy Soils - Wet Season),POTASSIUM,L,50,kg/ha
RICE,Inbred (Med-Heavy Soils - Wet Season),POTASSIUM,M,40,kg/ha
RICE,Inbred (Med-Heavy Soils - Wet Season),POTASSIUM,H,20,kg/ha
RICE,Inbred (Med-Heavy Soils - Dry Season),NITROGEN,L,100,kg/ha
RICE,Inbred (Med-Heavy Soils - Dry Season),NITROGEN,M,70,kg/ha
RICE,Inbred (Med-Heavy Soils - Dry Season),NITROGEN,H,40,kg/ha
RICE,Inbred (Med-Heavy Soils - Dry Season),PHOSPHORUS,L,60,kg/ha
RICE,Inbred (Med-Heavy Soils - Dry Season),PHOSPHORUS,M,40,kg/ha
RICE,Inbred (Med-Heavy Soils - Dry Season),PHOSPHORUS,H,20,kg/ha
RICE,Inbred (Med-Heavy Soils - Dry Season),POTASSIUM,L,60,kg/ha
RICE,Inbred (Med-Heavy Soils - Dry Season),POTASSIUM,M,40,kg/ha
RICE,Inbred (Med-Heavy Soils - Dry Season),POTASSIUM,H,20,kg/ha
CORN,Hybrid (Yellow),NITROGEN,L,135,kg/ha
CORN,Hybrid (Yellow),NITROGEN,M,90,kg/ha
CORN,Hybrid (Yellow),NITROGEN,H,60,kg/ha
CORN,Hybrid (Yellow),PHOSPHORUS,L,90,kg/ha
CORN,Hybrid (Yellow),PHOSPHORUS,M,40,kg/ha
CORN,Hybrid (Yellow),PHOSPHORUS,H,20,kg/ha
CORN,Hybrid (Yellow),POTASSIUM,L,90,kg/ha
CORN,Hybrid (Yellow),POTASSIUM,M,45,kg/ha
CORN,Hybrid (Yellow),POTASSIUM,H,30,kg/ha
CORN,Hybrid (White),NITROGEN,L,135,kg/ha
CORN,Hybrid (White),NITROGEN,M,90,kg/ha
CORN,Hybrid (White),NITROGEN,H,60,kg/ha
CORN,Hybrid (White),PHOSPHORUS,L,60,kg/ha
CORN,Hybrid (White),PHOSPHORUS,H,20,kg/ha
CORN,Hybrid (White),POTASSIUM,L,60,kg/ha
CORN,Hybrid (White),POTASSIUM,M,45,kg/ha
CORN,Hybrid (White),POTASSIUM,H,30,kg/ha
CORN,OPV (White),NITROGEN,L,90,kg/ha
CORN,OPV (White),NITROGEN,M,50,kg/ha
CORN,OPV (White),PHOSPHORUS,L,60,kg/ha
CORN,OPV (White),PHOSPHORUS,H,20,kg/ha
CORN,OPV (White),POTASSIUM,L,60,kg/ha
CORN,OPV (White),POTASSIUM,M,45,kg/ha
CORN,OPV (White),POTASSIUM,H,30,kg/ha
APPLE,New,NITROGEN,L,0.1,kg/tree
APPLE,New,NITROGEN,M,0.01,kg/tree
APPLE,New,NITROGEN,H,0.01,kg/tree
APPLE,New,PHOSPHORUS,L,0.01,kg/tree
APPLE,New,PHOSPHORUS,M,0.01,kg/tree
APPLE,New,PHOSPHORUS,H,0.01,kg/tree
APPLE,New,POTASSIUM,L,0.015,kg/tree
APPLE,New,POTASSIUM,M,0.015,kg/tree
APPLE,New,POTASSIUM,H,0.015,kg/tree
APPLE,1-3 years,NITROGEN,L,0.1,kg/tree
APPLE,1-3 years,NITROGEN,M,0.05,kg/tree
APPLE,1-3 years,NITROGEN,H,0.03,kg/tree
APPLE,1-3 years,PHOSPHORUS,L,0.1,kg/tree
APPLE,1-3 years,PHOSPHORUS,M,0.04,kg/tree
APPLE,1-3 years,PHOSPHORUS,H,0.01,kg/tree
APPLE,1-3 years,POTASSIUM,L,0.3,kg/tree
APPLE,1-3 years,POTASSIUM,M,0.15,kg/tree
APPLE,1-3 years,POTASSIUM,H,0.05,kg/tree
APPLE,4-6 years,NITROGEN,L,0.2,kg/tree
APPLE,4-6 years,NITROGEN,M,0.1,kg/tree
APPLE,4-6 years,NITROGEN,H,0.06,kg/tree
APPLE,4-6 years,PHOSPHORUS,L,0.2,kg/tree
APPLE,4-6 years,PHOSPHORUS,M,0.09,kg/tree
APPLE,4-6 years,PHOSPHORUS,H,0.05,kg/tree
APPLE,4-6 years,POTASSIUM,L,0.45,kg/tree
APPLE,4-6 years,POTASSIUM,M,0.3,kg/tree
APPLE,4-6 years,POTASSIUM,H,0.3,kg/tree
APPLE,7 years up,NITROGEN,L,0.3,kg/tree
APPLE,7 years up,NITROGEN,M,0.2,kg/tree
APPLE,7 years up,NITROGEN,H,0.1,kg/tree
APPLE,7 years up,PHOSPHORUS,L,0.3,kg/tree
APPLE,7 years up,PHOSPHORUS,M,0.18,kg/tree
APPLE,7 years up,PHOSPHORUS,H,0.1,kg/tree
APPLE,7 years up,POTASSIUM,L,0.6,kg/tree
APPLE,7 years up,POTASSIUM,M,0.45,kg/tree
APPLE,7 years up,POTASSIUM,H,0.3,kg/tree
ATIS,New,NITROGEN,L,0.01,kg/tree
ATIS,New,NITROGEN,M,0.01,kg/tree
ATIS,New,NITROGEN,H,0.01,kg/tree
ATIS,New,PHOSPHORUS,L,0.01,kg/tree
ATIS,New,PHOSPHORUS,M,0.01,kg/tree
ATIS,New,PHOSPHORUS,H,0.01,kg/tree
ATIS,New,POTASSIUM,L,0.015,kg/tree
ATIS,New,POTASSIUM,M,0.015,kg/tree
ATIS,New,POTASSIUM,H,0.015,kg/tree
ATIS,1-3 years,NITROGEN,L,0.1,kg/tree
ATIS,1-3 years,NITROGEN,M,0.05,kg/tree
ATIS,1-3 years,NITROGEN,H,0.03,kg/tree
ATIS,1-3 years,PHOSPHORUS,L,0.1,kg/tree
ATIS,1-3 years,PHOSPHORUS,M,0.04,kg/tree
ATIS,1-3 years,PHOSPHORUS,H,0.01,kg/tree
ATIS,1-3 years,POTASSIUM,L,0.3,kg/tree
ATIS,1-3 years,POTASSIUM,M,0.15,kg/tree
ATIS,1-3 years,POTASSIUM,H,0.05,kg/tree
ATIS,4-6 years,NITROGEN,L,0.2,kg/tree
ATIS,4-6 years,NITROGEN,M,0.1,kg/tree
ATIS,4-6 years,NITROGEN,H,0.06,kg/tree
ATIS,4-6 years,PHOSPHORUS,L,0.2,kg/tree
ATIS,4-6 years,PHOSPHORUS,M,0.09,kg/tree
ATIS,4-6 years,PHOSPHORUS,H,0.05,kg/tree
ATIS,4-6 years,POTASSIUM,L,0.45,kg/tree
ATIS,4-6 years,POTASSIUM,M,0.3,kg/tree
ATIS,4-6 years,POTASSIUM,H,0.15,kg/tree
ATIS,7 years up,NITROGEN,L,0.3,kg/tree
ATIS,7 years up,NITROGEN,M,0.2,kg/tree
ATIS,7 years up,NITROGEN,H,0.1,kg/tree
ATIS,7 years up,PHOSPHORUS,L,0.3,kg/tree
ATIS,7 years up,PHOSPHORUS,M,0.18,kg/tree
ATIS,7 years up,PHOSPHORUS,H,0.1,kg/tree
ATIS,7 years up,POTASSIUM,L,0.6,kg/tree
ATIS,7 years up,POTASSIUM,M,0.45,kg/tree
ATIS,7 years up,POTASSIUM,H,0.3,kg/tree
AVOCADO,New,NITROGEN,L,0.01,kg/tree
AVOCADO,New,NITROGEN,M,0.01,kg/tree
AVOCADO,New,NITROGEN,H,0.01,kg/tree
AVOCADO,New,PHOSPHORUS,L,0.01,kg/tree
AVOCADO,New,PHOSPHORUS,M,0.01,kg/tree
AVOCADO,New,PHOSPHORUS,H,0.01,kg/tree
AVOCADO,New,POTASSIUM,L,0.015,kg/tree
AVOCADO,New,POTASSIUM,M,0.015,kg/tree
AVOCADO,New,POTASSIUM,H,0.015,kg/tree
AVOCADO,1-3 years,NITROGEN,L,0.1,kg/tree
AVOCADO,1-3 years,NITROGEN,M,0.05,kg/tree
AVOCADO,1-3 years,NITROGEN,H,0.03,kg/tree
AVOCADO,1-3 years,PHOSPHORUS,L,0.1,kg/tree
AVOCADO,1-3 years,PHOSPHORUS,M,0.01,kg/tree
AVOCADO,1-3 years,PHOSPHORUS,H,0.01,kg/tree
AVOCADO,1-3 years,POTASSIUM,L,0.3,kg/tree
AVOCADO,1-3 years,POTASSIUM,M,0.15,kg/tree
AVOCADO,1-3 years,POTASSIUM,H,0.05,kg/tree
AVOCADO,4-6 years,NITROGEN,L,0.2,kg/tree
AVOCADO,4-6 years,NITROGEN,M,0.1,kg/tree
AVOCADO,4-6 years,NITROGEN,H,0.06,kg/tree
AVOCADO,4-6 years,PHOSPHORUS,L,0.2,kg/tree
AVOCADO,4-6 years,PHOSPHORUS,M,0.09,kg/tree
AVOCADO,4-6 years,PHOSPHORUS,H,0.05,kg/tree
AVOCADO,4-6 years,POTASSIUM,L,0.45,kg/tree
AVOCADO,4-6 years,POTASSIUM,M,0.3,kg/tree
AVOCADO,4-6 years,POTASSIUM,H,0.15,kg/tree
AVOCADO,7 years up,NITROGEN,L,0.3,kg/tree
AVOCADO,7 years up,NITROGEN,M,0.2,kg/tree
AVOCADO,7 years up,NITROGEN,H,0.1,kg/tree
AVOCADO,7 years up,PHOSPHORUS,L,0.3,kg/tree
AVOCADO,7 years up,PHOSPHORUS,M,0.18,kg/tree
AVOCADO,7 years up,PHOSPHORUS,H,0.1,kg/tree
AVOCADO,7 years up,POTASSIUM,L,0.6,kg/tree
AVOCADO,7 years up,POTASSIUM,M,0.45,kg/tree
AVOCADO,7 years up,POTASSIUM,H,0.3,kg/tree
CACAO/COFFEE,New,NITROGEN,L,0.003,kg/tree
CACAO/COFFEE,New,NITROGEN,M,0.002,kg/tree
CACAO/COFFEE,New,NITROGEN,H,0.001,kg/tree
CACAO/COFFEE,New,PHOSPHORUS,L,0.004,kg/tree
CACAO/COFFEE,New,PHOSPHORUS,M,0.0025,kg/tree
CACAO/COFFEE,New,PHOSPHORUS,H,0.001,kg/tree
CACAO/COFFEE,New,POTASSIUM,L,0.003,kg/tree
CACAO/COFFEE,New,POTASSIUM,M,0.002,kg/tree
CACAO/COFFEE,New,POTASSIUM,H,0.0012,kg/tree
CACAO/COFFEE,Young (1-3 years),NITROGEN,L,0.075,kg/tree
CACAO/COFFEE,Young (1-3 years),NITROGEN,M,0.045,kg/tree
CACAO/COFFEE,Young (1-3 years),NITROGEN,H,0.03,kg/tree
CACAO/COFFEE,Young (1-3 years),PHOSPHORUS,L,0.15,kg/tree
CACAO/COFFEE,Young (1-3 years),PHOSPHORUS,M,0.073,kg/tree
CACAO/COFFEE,Young (1-3 years),PHOSPHORUS,H,0.025,kg/tree
CACAO/COFFEE,Young (1-3 years),POTASSIUM,L,0.1,kg/tree
CACAO/COFFEE,Young (1-3 years),POTASSIUM,M,0.075,kg/tree
CACAO/COFFEE,Young (1-3 years),POTASSIUM,H,0.036,kg/tree
CACAO/COFFEE,Bearing,NITROGEN,L,0.1,kg/tree
CACAO/COFFEE,Bearing,NITROGEN,M,0.06,kg/tree
CACAO/COFFEE,Bearing,NITROGEN,H,0.035,kg/tree
CACAO/COFFEE,Bearing,PHOSPHORUS,L,0.12,kg/tree
CACAO/COFFEE,Bearing,PHOSPHORUS,M,0.095,kg/tree
CACAO/COFFEE,Bearing,PHOSPHORUS,H,0.045,kg/tree
CACAO/COFFEE,Bearing,POTASSIUM,L,0.12,kg/tree
CACAO/COFFEE,Bearing,POTASSIUM,M,0.09,kg/tree
CACAO/COFFEE,Bearing,POTASSIUM,H,0.045,kg/tree
CAIMITO/DUHAT/SANTOL,New,NITROGEN,L,0.01,kg/tree
CAIMITO/DUHAT/SANTOL,New,NITROGEN,M,0.01,kg/tree
CAIMITO/DUHAT/SANTOL,New,NITROGEN,H,0.01,kg/tree
CAIMITO/DUHAT/SANTOL,New,PHOSPHORUS,L,0.01,kg/tree
CAIMITO/DUHAT/SANTOL,New,PHOSPHORUS,M,0.009,kg/tree
CAIMITO/DUHAT/SANTOL,New,PHOSPHORUS,H,0.005,kg/tree
CAIMITO/DUHAT/SANTOL,New,POTASSIUM,L,0.015,kg/tree
CAIMITO/DUHAT/SANTOL,New,POTASSIUM,M,0.009,kg/tree
CAIMITO/DUHAT/SANTOL,New,POTASSIUM,H,0.003,kg/tree
CAIMITO/DUHAT/SANTOL,1-3 years,NITROGEN,L,0.1,kg/tree
CAIMITO/DUHAT/SANTOL,1-3 years,NITROGEN,M,0.05,kg/tree
CAIMITO/DUHAT/SANTOL,1-3 years,NITROGEN,H,0.02,kg/tree
CAIMITO/DUHAT/SANTOL,1-3 years,PHOSPHORUS,L,0.1,kg/tree
CAIMITO/DUHAT/SANTOL,1-3 years,PHOSPHORUS,M,0.04,kg/tree
CAIMITO/DUHAT/SANTOL,1-3 years,PHOSPHORUS,H,0.02,kg/tree
CAIMITO/DUHAT/SANTOL,1-3 years,POTASSIUM,L,0.15,kg/tree
CAIMITO/DUHAT/SANTOL,1-3 years,POTASSIUM,M,0.09,kg/tree
CAIMITO/DUHAT/SANTOL,1-3 years,POTASSIUM,H,0.06,kg/tree
CAIMITO/DUHAT/SANTOL,4-6 years,NITROGEN,L,0.15,kg/tree
CAIMITO/DUHAT/SANTOL,4-6 years,NITROGEN,M,0.1,kg/tree
CAIMITO/DUHAT/SANTOL,4-6 years,NITROGEN,H,0.05,kg/tree
CAIMITO/DUHAT/SANTOL,4-6 years,PHOSPHORUS,L,0.2,kg/tree
CAIMITO/DUHAT/SANTOL,4-6 years,PHOSPHORUS,M,0.075,kg/tree
CAIMITO/DUHAT/SANTOL,4-6 years,PHOSPHORUS,H,0.03,kg/tree
CAIMITO/DUHAT/SANTOL,4-6 years,POTASSIUM,L,0.3,kg/tree
CAIMITO/DUHAT/SANTOL,4-6 years,POTASSIUM,M,0.15,kg/tree
CAIMITO/DUHAT/SANTOL,4-6 years,POTASSIUM,H,0.09,kg/tree
CAIMITO/DUHAT/SANTOL,7-10 years,NITROGEN,L,0.3,kg/tree
CAIMITO/DUHAT/SANTOL,7-10 years,NITROGEN,M,0.13,kg/tree
CAIMITO/DUHAT/SANTOL,7-10 years,NITROGEN,H,0.1,kg/tree
CAIMITO/DUHAT/SANTOL,7-10 years,PHOSPHORUS,L,0.3,kg/tree
CAIMITO/DUHAT/SANTOL,7-10 years,PHOSPHORUS,M,0.15,kg/tree
CAIMITO/DUHAT/SANTOL,7-10 years,PHOSPHORUS,H,0.05,kg/tree
CAIMITO/DUHAT/SANTOL,7-10 years,POTASSIUM,L,0.45,kg/tree
CAIMITO/DUHAT/SANTOL,7-10 years,POTASSIUM,M,0.3,kg/tree
CAIMITO/DUHAT/SANTOL,7-10 years,POTASSIUM,H,0.15,kg/tree
CAIMITO/DUHAT/SANTOL,>10 years,NITROGEN,L,0.4,kg/tree
CAIMITO/DUHAT/SANTOL,>10 years,NITROGEN,M,0.3,kg/tree
CAIMITO/DUHAT/SANTOL,>10 years,NITROGEN,H,0.15,kg/tree
CAIMITO/DUHAT/SANTOL,>10 years,PHOSPHORUS,L,0.4,kg/tree
CAIMITO/DUHAT/SANTOL,>10 years,PHOSPHORUS,M,0.25,kg/tree
CAIMITO/DUHAT/SANTOL,>10 years,PHOSPHORUS,H,0.1,kg/tree
CAIMITO/DUHAT/SANTOL,>10 years,POTASSIUM,L,0.6,kg/tree
CAIMITO/DUHAT/SANTOL,>10 years,POTASSIUM,M,0.45,kg/tree
CAIMITO/DUHAT/SANTOL,>10 years,POTASSIUM,H,0.3,kg/tree
COFFEE,New/Seedlings,NITROGEN,L,0.003,kg/tree
COFFEE,New/Seedlings,NITROGEN,M,0.002,kg/tree
COFFEE,New/Seedlings,NITROGEN,H,0.001,kg/tree
COFFEE,New/Seedlings,PHOSPHORUS,L,0.004,kg/tree
COFFEE,New/Seedlings,PHOSPHORUS,M,0.0025,kg/tree
COFFEE,New/Seedlings,PHOSPHORUS,H,0.001,kg/tree
COFFEE,New/Seedlings,POTASSIUM,L,0.003,kg/tree
COFFEE,New/Seedlings,POTASSIUM,M,0.002,kg/tree
COFFEE,New/Seedlings,POTASSIUM,H,0.001,kg/tree
COFFEE,Young,NITROGEN,L,0.07,kg/tree
COFFEE,Young,NITROGEN,M,0.04,kg/tree
COFFEE,Young,NITROGEN,H,0.025,kg/tree
COFFEE,Young,PHOSPHORUS,L,0.135,kg/tree
COFFEE,Young,PHOSPHORUS,M,0.068,kg/tree
COFFEE,Young,PHOSPHORUS,H,0.025,kg/tree
COFFEE,Young,POTASSIUM,L,0.06,kg/tree
COFFEE,Young,POTASSIUM,M,0.04,kg/tree
COFFEE,Young,POTASSIUM,H,0.027,kg/tree
COFFEE,Matured,NITROGEN,L,0.16,kg/tree
COFFEE,Matured,NITROGEN,M,0.1,kg/tree
COFFEE,Matured,NITROGEN,H,0.07,kg/tree
COFFEE,Matured,PHOSPHORUS,L,0.13,kg/tree
COFFEE,Matured,PHOSPHORUS,M,0.27,kg/tree
COFFEE,Matured,PHOSPHORUS,H,0.02,kg/tree
COFFEE,Matured,POTASSIUM,L,0.36,kg/tree
COFFEE,Matured,POTASSIUM,M,0.12,kg/tree
COFFEE,Matured,POTASSIUM,H,0.06,kg/tree
DRAGON FRUIT,New,NITROGEN,L,0.01,kg/tree
DRAGON FRUIT,New,NITROGEN,M,0.01,kg/tree
DRAGON FRUIT,New,NITROGEN,H,0.01,kg/tree
DRAGON FRUIT,New,PHOSPHORUS,L,0.01,kg/tree
DRAGON FRUIT,New,PHOSPHORUS,M,0.01,kg/tree
DRAGON FRUIT,New,PHOSPHORUS,H,0.01,kg/tree
DRAGON FRUIT,New,POTASSIUM,L,0.01,kg/tree
DRAGON FRUIT,New,POTASSIUM,M,0.01,kg/tree
DRAGON FRUIT,New,POTASSIUM,H,0.01,kg/tree
DRAGON FRUIT,2-3 years,NITROGEN,L,0.03,kg/tree
DRAGON FRUIT,2-3 years,NITROGEN,M,0.03,kg/tree
DRAGON FRUIT,2-3 years,NITROGEN,H,0.03,kg/tree
DRAGON FRUIT,2-3 years,PHOSPHORUS,L,0.03,kg/tree
DRAGON FRUIT,2-3 years,PHOSPHORUS,M,0.03,kg/tree
DRAGON FRUIT,2-3 years,PHOSPHORUS,H,0.03,kg/tree
DRAGON FRUIT,2-3 years,POTASSIUM,L,0.03,kg/tree
DRAGON FRUIT,2-3 years,POTASSIUM,M,0.03,kg/tree
DRAGON FRUIT,2-3 years,POTASSIUM,H,0.03,kg/tree
DRAGON FRUIT,4th year,NITROGEN,L,0.035,kg/tree
DRAGON FRUIT,4th year,NITROGEN,M,0.035,kg/tree
DRAGON FRUIT,4th year,NITROGEN,H,0.035,kg/tree
DRAGON FRUIT,4th year,PHOSPHORUS,L,0.035,kg/tree
DRAGON FRUIT,4th year,PHOSPHORUS,M,0.035,kg/tree
DRAGON FRUIT,4th year,PHOSPHORUS,H,0.035,kg/tree
DRAGON FRUIT,4th year,POTASSIUM,L,0.035,kg/tree
DRAGON FRUIT,4th year,POTASSIUM,M,0.035,kg/tree
DRAGON FRUIT,4th year,POTASSIUM,H,0.035,kg/tree
DURIAN,New Transplant,NITROGEN,L,0.075,kg/tree
DURIAN,New Transplant,NITROGEN,M,0.038,kg/tree
DURIAN,New Transplant,NITROGEN,H,0.019,kg/tree
DURIAN,New Transplant,PHOSPHORUS,L,1.075,kg/tree
DURIAN,New Transplant,PHOSPHORUS,M,0.029,kg/tree
DURIAN,New Transplant,PHOSPHORUS,H,0.001,kg/tree
DURIAN,New Transplant,POTASSIUM,L,0.015,kg/tree
DURIAN,New Transplant,POTASSIUM,M,0.038,kg/tree
DURIAN,New Transplant,POTASSIUM,H,0.003,kg/tree
DURIAN,1-3 years,NITROGEN,L,0.15,kg/tree
DURIAN,1-3 years,NITROGEN,M,0.075,kg/tree
DURIAN,1-3 years,NITROGEN,H,0.038,kg/tree
DURIAN,1-3 years,PHOSPHORUS,L,0.15,kg/tree
DURIAN,1-3 years,PHOSPHORUS,M,0.053,kg/tree
DURIAN,1-3 years,PHOSPHORUS,H,0.003,kg/tree
DURIAN,1-3 years,POTASSIUM,L,0.15,kg/tree
DURIAN,1-3 years,POTASSIUM,M,0.075,kg/tree
DURIAN,1-3 years,POTASSIUM,H,0.038,kg/tree
DURIAN,4-6 years,NITROGEN,L,0.3,kg/tree
DURIAN,4-6 years,NITROGEN,M,0.15,kg/tree
DURIAN,4-6 years,NITROGEN,H,0.075,kg/tree
DURIAN,4-6 years,PHOSPHORUS,L,0.3,kg/tree
DURIAN,4-6 years,PHOSPHORUS,M,0.098,kg/tree
DURIAN,4-6 years,PHOSPHORUS,H,0.05,kg/tree
DURIAN,4-6 years,POTASSIUM,L,0.3,kg/tree
DURIAN,4-6 years,POTASSIUM,M,0.15,kg/tree
DURIAN,4-6 years,POTASSIUM,H,0.075,kg/tree
DURIAN,7 years up,NITROGEN,L,0.45,kg/tree
DURIAN,7 years up,NITROGEN,M,0.22,kg/tree
DURIAN,7 years up,NITROGEN,H,0.11,kg/tree
DURIAN,7 years up,PHOSPHORUS,L,0.45,kg/tree
DURIAN,7 years up,PHOSPHORUS,M,0.17,kg/tree
DURIAN,7 years up,PHOSPHORUS,H,0.01,kg/tree
DURIAN,7 years up,POTASSIUM,L,0.45,kg/tree
DURIAN,7 years up,POTASSIUM,M,0.22,kg/tree
DURIAN,7 years up,POTASSIUM,H,0.11,kg/tree
MUSKMELON/HONEY DEW/GRAPE VINE,,NITROGEN,L,60,kg/ha
MUSKMELON/HONEY DEW/GRAPE VINE,,NITROGEN,M,40,kg/ha
MUSKMELON/HONEY DEW/GRAPE VINE,,NITROGEN,H,20,kg/ha
MUSKMELON/HONEY DEW/GRAPE VINE,,PHOSPHORUS,L,100,kg/ha
MUSKMELON/HONEY DEW/GRAPE VINE,,PHOSPHORUS,M,50,kg/ha
MUSKMELON/HONEY DEW/GRAPE VINE,,PHOSPHORUS,H,25,kg/ha
MUSKMELON/HONEY DEW/GRAPE VINE,,POTASSIUM,L,90,kg/ha
MUSKMELON/HONEY DEW/GRAPE VINE,,POTASSIUM,M,60,kg/ha
MUSKMELON/HONEY DEW/GRAPE VINE,,POTASSIUM,H,30,kg/ha
WATERMELON,,NITROGEN,L,90,kg/ha
WATERMELON,,NITROGEN,M,60,kg/ha
WATERMELON,,NITROGEN,H,40,kg/ha
WATERMELON,,PHOSPHORUS,L,120,kg/ha
WATERMELON,,PHOSPHORUS,M,60,kg/ha
WATERMELON,,PHOSPHORUS,H,30,kg/ha
WATERMELON,,POTASSIUM,L,60,kg/ha
WATERMELON,,POTASSIUM,M,45,kg/ha
WATERMELON,,POTASSIUM,H,30,kg/ha
GUAVA,1-3 years,NITROGEN,L,0.02,kg/tree
GUAVA,1-3 years,NITROGEN,M,0.01,kg/tree
GUAVA,1-3 years,NITROGEN,H,0.005,kg/tree
GUAVA,1-3 years,PHOSPHORUS,L,0.1,kg/tree
GUAVA,1-3 years,PHOSPHORUS,M,0.04,kg/tree
GUAVA,1-3 years,PHOSPHORUS,H,0.01,kg/tree
GUAVA,1-3 years,POTASSIUM,L,0.3,kg/tree
GUAVA,1-3 years,POTASSIUM,M,0.15,kg/tree
GUAVA,1-3 years,POTASSIUM,H,0.05,kg/tree
GUAVA,4-6 years,NITROGEN,L,0.04,kg/tree
GUAVA,4-6 years,NITROGEN,M,0.02,kg/tree
GUAVA,4-6 years,NITROGEN,H,0.01,kg/tree
GUAVA,4-6 years,PHOSPHORUS,L,0.2,kg/tree
GUAVA,4-6 years,PHOSPHORUS,M,0.04,kg/tree
GUAVA,4-6 years,PHOSPHORUS,H,0.01,kg/tree
GUAVA,4-6 years,POTASSIUM,L,0.45,kg/tree
GUAVA,4-6 years,POTASSIUM,M,0.3,kg/tree
GUAVA,4-6 years,POTASSIUM,H,0.15,kg/tree
GUAVA,7 years up,NITROGEN,L,0.05,kg/tree
GUAVA,7 years up,NITROGEN,M,0.03,kg/tree
GUAVA,7 years up,NITROGEN,H,0.02,kg/tree
GUAVA,7 years up,PHOSPHORUS,L,0.3,kg/tree
GUAVA,7 years up,PHOSPHORUS,M,0.18,kg/tree
GUAVA,7 years up,PHOSPHORUS,H,0.1,kg/tree
GUAVA,7 years up,POTASSIUM,L,0.6,kg/tree
GUAVA,7 years up,POTASSIUM,M,0.45,kg/tree
GUAVA,7 years up,POTASSIUM,H,0.3,kg/tree
GUYABANO,New Transplant,NITROGEN,L,0.01,kg/tree
GUYABANO,New Transplant,NITROGEN,M,0.01,kg/tree
GUYABANO,New Transplant,NITROGEN,H,0.01,kg/tree
GUYABANO,New Transplant,PHOSPHORUS,L,0.01,kg/tree
GUYABANO,New Transplant,PHOSPHORUS,M,0.01,kg/tree
GUYABANO,New Transplant,PHOSPHORUS,H,0.01,kg/tree
GUYABANO,New Transplant,POTASSIUM,L,0.015,kg/tree
GUYABANO,New Transplant,POTASSIUM,M,0.015,kg/tree
GUYABANO,New Transplant,POTASSIUM,H,0.015,kg/tree
GUYABANO,1-3 years,NITROGEN,L,0.1,kg/tree
GUYABANO,1-3 years,NITROGEN,M,0.05,kg/tree
GUYABANO,1-3 years,NITROGEN,H,0.03,kg/tree
GUYABANO,1-3 years,PHOSPHORUS,L,0.1,kg/tree
GUYABANO,1-3 years,PHOSPHORUS,M,0.04,kg/tree
GUYABANO,1-3 years,PHOSPHORUS,H,0.01,kg/tree
GUYABANO,1-3 years,POTASSIUM,L,0.3,kg/tree
GUYABANO,1-3 years,POTASSIUM,M,0.15,kg/tree
GUYABANO,1-3 years,POTASSIUM,H,0.05,kg/tree
GUYABANO,4-6 years,NITROGEN,L,0.2,kg/tree
GUYABANO,4-6 years,NITROGEN,M,0.1,kg/tree
GUYABANO,4-6 years,NITROGEN,H,0.06,kg/tree
GUYABANO,4-6 years,PHOSPHORUS,L,0.2,kg/tree
GUYABANO,4-6 years,PHOSPHORUS,M,0.09,kg/tree
GUYABANO,4-6 years,PHOSPHORUS,H,0.05,kg/tree
GUYABANO,4-6 years,POTASSIUM,L,0.45,kg/tree
GUYABANO,4-6 years,POTASSIUM,M,0.3,kg/tree
GUYABANO,4-6 years,POTASSIUM,H,0.15,kg/tree
GUYABANO,7 years up,NITROGEN,L,0.3,kg/tree
GUYABANO,7 years up,NITROGEN,M,0.2,kg/tree
GUYABANO,7 years up,NITROGEN,H,0.1,kg/tree
GUYABANO,7 years up,PHOSPHORUS,L,0.3,kg/tree
GUYABANO,7 years up,PHOSPHORUS,M,0.18,kg/tree
GUYABANO,7 years up,PHOSPHORUS,H,0.1,kg/tree
GUYABANO,7 years up,POTASSIUM,L,0.6,kg/tree
GUYABANO,7 years up,POTASSIUM,M,0.45,kg/tree
GUYABANO,7 years up,POTASSIUM,H,0.3,kg/tree
JACKFRUIT,New Transplant,NITROGEN,L,0.01,kg/tree
JACKFRUIT,New Transplant,NITROGEN,M,0.01,kg/tree
JACKFRUIT,New Transplant,NITROGEN,H,0.01,kg/tree
JACKFRUIT,New Transplant,PHOSPHORUS,L,0.01,kg/tree
JACKFRUIT,New Transplant,PHOSPHORUS,M,0.01,kg/tree
JACKFRUIT,New Transplant,PHOSPHORUS,H,0.01,kg/tree
JACKFRUIT,New Transplant,POTASSIUM,L,0.015,kg/tree
JACKFRUIT,New Transplant,POTASSIUM,M,0.015,kg/tree
JACKFRUIT,New Transplant,POTASSIUM,H,0.015,kg/tree
JACKFRUIT,1-3 years,NITROGEN,L,0.1,kg/tree
JACKFRUIT,1-3 years,NITROGEN,M,0.05,kg/tree
JACKFRUIT,1-3 years,NITROGEN,H,0.03,kg/tree
JACKFRUIT,1-3 years,PHOSPHORUS,L,0.1,kg/tree
JACKFRUIT,1-3 years,PHOSPHORUS,M,0.04,kg/tree
JACKFRUIT,1-3 years,PHOSPHORUS,H,0.01,kg/tree
JACKFRUIT,1-3 years,POTASSIUM,L,0.3,kg/tree
JACKFRUIT,1-3 years,POTASSIUM,M,0.15,kg/tree
JACKFRUIT,1-3 years,POTASSIUM,H,0.05,kg/tree
JACKFRUIT,4-6 years,NITROGEN,L,0.2,kg/tree
JACKFRUIT,4-6 years,NITROGEN,M,0.1,kg/tree
JACKFRUIT,4-6 years,NITROGEN,H,0.06,kg/tree
JACKFRUIT,4-6 years,PHOSPHORUS,L,0.2,kg/tree
JACKFRUIT,4-6 years,PHOSPHORUS,M,0.09,kg/tree
JACKFRUIT,4-6 years,PHOSPHORUS,H,0.05,kg/tree
JACKFRUIT,4-6 years,POTASSIUM,L,0.45,kg/tree
JACKFRUIT,4-6 years,POTASSIUM,M,0.3,kg/tree
JACKFRUIT,4-6 years,POTASSIUM,H,0.15,kg/tree
JACKFRUIT,7 years up,NITROGEN,L,0.3,kg/tree
JACKFRUIT,7 years up,NITROGEN,M,0.2,kg/tree
JACKFRUIT,7 years up,NITROGEN,H,0.1,kg/tree
JACKFRUIT,7 years up,PHOSPHORUS,L,0.3,kg/tree
JACKFRUIT,7 years up,PHOSPHORUS,M,0.2,kg/tree
JACKFRUIT,7 years up,PHOSPHORUS,H,0.1,kg/tree
JACKFRUIT,7 years up,POTASSIUM,L,0.6,kg/tree
JACKFRUIT,7 years up,POTASSIUM,M,0.45,kg/tree
JACKFRUIT,7 years up,POTASSIUM,H,0.3,kg/tree
LANZONES/RAMBUTAN,New,NITROGEN,L,0.01,kg/tree
LANZONES/RAMBUTAN,New,NITROGEN,M,0.01,kg/tree
LANZONES/RAMBUTAN,New,NITROGEN,H,0.01,kg/tree
LANZONES/RAMBUTAN,New,PHOSPHORUS,L,0.02,kg/tree
LANZONES/RAMBUTAN,New,PHOSPHORUS,M,0.02,kg/tree
LANZONES/RAMBUTAN,New,PHOSPHORUS,H,0.01,kg/tree
LANZONES/RAMBUTAN,New,POTASSIUM,L,0.015,kg/tree
LANZONES/RAMBUTAN,New,POTASSIUM,M,0.009,kg/tree
LANZONES/RAMBUTAN,New,POTASSIUM,H,0.003,kg/tree
LANZONES/RAMBUTAN,1-2 years,NITROGEN,L,0.1,kg/tree
LANZONES/RAMBUTAN,1-2 years,NITROGEN,M,0.05,kg/tree
LANZONES/RAMBUTAN,1-2 years,NITROGEN,H,0.03,kg/tree
LANZONES/RAMBUTAN,1-2 years,PHOSPHORUS,L,0.2,kg/tree
LANZONES/RAMBUTAN,1-2 years,PHOSPHORUS,M,0.075,kg/tree
LANZONES/RAMBUTAN,1-2 years,PHOSPHORUS,H,0.03,kg/tree
LANZONES/RAMBUTAN,1-2 years,POTASSIUM,L,0.3,kg/tree
LANZONES/RAMBUTAN,1-2 years,POTASSIUM,M,0.15,kg/tree
LANZONES/RAMBUTAN,1-2 years,POTASSIUM,H,0.09,kg/tree
LANZONES/RAMBUTAN,4-6 years,NITROGEN,L,0.2,kg/tree
LANZONES/RAMBUTAN,4-6 years,NITROGEN,M,0.1,kg/tree
LANZONES/RAMBUTAN,4-6 years,NITROGEN,H,0.05,kg/tree
LANZONES/RAMBUTAN,4-6 years,PHOSPHORUS,L,0.4,kg/tree
LANZONES/RAMBUTAN,4-6 years,PHOSPHORUS,M,0.25,kg/tree
LANZONES/RAMBUTAN,4-6 years,PHOSPHORUS,H,0.1,kg/tree
LANZONES/RAMBUTAN,4-6 years,POTASSIUM,L,0.9,kg/tree
LANZONES/RAMBUTAN,4-6 years,POTASSIUM,M,0.6,kg/tree
LANZONES/RAMBUTAN,4-6 years,POTASSIUM,H,0.3,kg/tree
LANZONES/RAMBUTAN,7 years up,NITROGEN,L,0.4,kg/tree
LANZONES/RAMBUTAN,7 years up,NITROGEN,M,0.3,kg/tree
LANZONES/RAMBUTAN,7 years up,NITROGEN,H,0.2,kg/tree
LANZONES/RAMBUTAN,7 years up,PHOSPHORUS,L,0.8,kg/tree
LANZONES/RAMBUTAN,7 years up,PHOSPHORUS,M,0.5,kg/tree
LANZONES/RAMBUTAN,7 years up,PHOSPHORUS,H,0.2,kg/tree
LANZONES/RAMBUTAN,7 years up,POTASSIUM,L,1.2,kg/tree
LANZONES/RAMBUTAN,7 years up,POTASSIUM,M,0.9,kg/tree
LANZONES/RAMBUTAN,7 years up,POTASSIUM,H,0.6,kg/tree
MANGO/MANGOSTEEN,New,NITROGEN,L,0.01,kg/tree
MANGO/MANGOSTEEN,New,NITROGEN,M,0.01,kg/tree
MANGO/MANGOSTEEN,New,NITROGEN,H,0.01,kg/tree
MANGO/MANGOSTEEN,New,PHOSPHORUS,L,0.01,kg/tree
MANGO/MANGOSTEEN,New,PHOSPHORUS,M,0.009,kg/tree
MANGO/MANGOSTEEN,New,PHOSPHORUS,H,0.005,kg/tree
MANGO/MANGOSTEEN,New,POTASSIUM,L,0.015,kg/tree
MANGO/MANGOSTEEN,New,POTASSIUM,M,0.009,kg/tree
MANGO/MANGOSTEEN,New,POTASSIUM,H,0.003,kg/tree
MANGO/MANGOSTEEN,1-3 years,NITROGEN,L,0.1,kg/tree
MANGO/MANGOSTEEN,1-3 years,NITROGEN,M,0.05,kg/tree
MANGO/MANGOSTEEN,1-3 years,NITROGEN,H,0.02,kg/tree
MANGO/MANGOSTEEN,1-3 years,PHOSPHORUS,L,0.1,kg/tree
MANGO/MANGOSTEEN,1-3 years,PHOSPHORUS,M,0.04,kg/tree
MANGO/MANGOSTEEN,1-3 years,PHOSPHORUS,H,0.02,kg/tree
MANGO/MANGOSTEEN,1-3 years,POTASSIUM,L,0.15,kg/tree
MANGO/MANGOSTEEN,1-3 years,POTASSIUM,M,0.09,kg/tree
MANGO/MANGOSTEEN,1-3 years,POTASSIUM,H,0.06,kg/tree
MANGO/MANGOSTEEN,4-6 years,NITROGEN,L,0.15,kg/tree
MANGO/MANGOSTEEN,4-6 years,NITROGEN,M,0.1,kg/tree
MANGO/MANGOSTEEN,4-6 years,NITROGEN,H,0.05,kg/tree
MANGO/MANGOSTEEN,4-6 years,PHOSPHORUS,L,0.2,kg/tree
MANGO/MANGOSTEEN,4-6 years,PHOSPHORUS,M,0.075,kg/tree
MANGO/MANGOSTEEN,4-6 years,PHOSPHORUS,H,0.03,kg/tree
MANGO/MANGOSTEEN,4-6 years,POTASSIUM,L,0.3,kg/tree
MANGO/MANGOSTEEN,4-6 years,POTASSIUM,M,0.15,kg/tree
MANGO/MANGOSTEEN,4-6 years,POTASSIUM,H,0.09,kg/tree
MANGO/MANGOSTEEN,7-10 years,NITROGEN,L,0.2,kg/tree
MANGO/MANGOSTEEN,7-10 years,NITROGEN,M,0.15,kg/tree
MANGO/MANGOSTEEN,7-10 years,NITROGEN,H,0.1,kg/tree
MANGO/MANGOSTEEN,7-10 years,PHOSPHORUS,L,0.3,kg/tree
MANGO/MANGOSTEEN,7-10 years,PHOSPHORUS,M,0.15,kg/tree
MANGO/MANGOSTEEN,7-10 years,PHOSPHORUS,H,0.05,kg/tree
MANGO/MANGOSTEEN,7-10 years,POTASSIUM,L,0.4,kg/tree
MANGO/MANGOSTEEN,7-10 years,POTASSIUM,M,0.3,kg/tree
MANGO/MANGOSTEEN,7-10 years,POTASSIUM,H,0.15,kg/tree
MANGO/MANGOSTEEN,10 years up,NITROGEN,L,0.4,kg/tree
MANGO/MANGOSTEEN,10 years up,NITROGEN,M,0.3,kg/tree
MANGO/MANGOSTEEN,10 years up,NITROGEN,H,0.15,kg/tree
MANGO/MANGOSTEEN,10 years up,PHOSPHORUS,L,0.4,kg/tree
MANGO/MANGOSTEEN,10 years up,PHOSPHORUS,M,0.25,kg/tree
MANGO/MANGOSTEEN,10 years up,PHOSPHORUS,H,0.1,kg/tree
MANGO/MANGOSTEEN,10 years up,POTASSIUM,L,0.6,kg/tree
MANGO/MANGOSTEEN,10 years up,POTASSIUM,M,0.45,kg/tree
MANGO/MANGOSTEEN,10 years up,POTASSIUM,H,0.3,kg/tree
PAPAYA,2-4 months,NITROGEN,L,0.024,kg/tree
PAPAYA,2-4 months,NITROGEN,M,0.016,kg/tree
PAPAYA,2-4 months,NITROGEN,H,0.012,kg/tree
PAPAYA,2-4 months,PHOSPHORUS,L,0.048,kg/tree
PAPAYA,2-4 months,PHOSPHORUS,M,0.028,kg/tree
PAPAYA,2-4 months,PHOSPHORUS,H,0.012,kg/tree
PAPAYA,2-4 months,POTASSIUM,L,0.03,kg/tree
PAPAYA,2-4 months,POTASSIUM,M,0.021,kg/tree
PAPAYA,2-4 months,POTASSIUM,H,0.015,kg/tree
PAPAYA,6-12 months,NITROGEN,L,0.08,kg/tree
PAPAYA,6-12 months,NITROGEN,M,0.05,kg/tree
PAPAYA,6-12 months,NITROGEN,H,0.04,kg/tree
PAPAYA,6-12 months,PHOSPHORUS,L,0.16,kg/tree
PAPAYA,6-12 months,PHOSPHORUS,M,0.086,kg/tree
PAPAYA,6-12 months,PHOSPHORUS,H,0.035,kg/tree
PAPAYA,6-12 months,POTASSIUM,L,0.11,kg/tree
PAPAYA,6-12 months,POTASSIUM,M,0.09,kg/tree
PAPAYA,6-12 months,POTASSIUM,H,0.06,kg/tree
PAPAYA,1-2 years,NITROGEN,L,0.2,kg/tree
PAPAYA,1-2 years,NITROGEN,M,0.1,kg/tree
PAPAYA,1-2 years,NITROGEN,H,0.1,kg/tree
PAPAYA,1-2 years,PHOSPHORUS,L,0.4,kg/tree
PAPAYA,1-2 years,PHOSPHORUS,M,0.22,kg/tree
PAPAYA,1-2 years,PHOSPHORUS,H,0.09,kg/tree
PAPAYA,1-2 years,POTASSIUM,L,0.27,kg/tree
PAPAYA,1-2 years,POTASSIUM,M,0.2,kg/tree
PAPAYA,1-2 years,POTASSIUM,H,0.14,kg/tree
JUTE,,NITROGEN,L,60,kg/ha
JUTE,,NITROGEN,M,40,kg/ha
JUTE,,NITROGEN,H,20,kg/ha
JUTE,,PHOSPHORUS,L,30,kg/ha
JUTE,,PHOSPHORUS,M,15,kg/ha
JUTE,,PHOSPHORUS,H,0,kg/ha
JUTE,,POTASSIUM,L,90,kg/ha
JUTE,,POTASSIUM,M,30,kg/ha
JUTE,,POTASSIUM,H,30,kg/ha
COCONUT,New Transplant,NITROGEN,L,0.06,kg/tree
COCONUT,New Transplant,NITROGEN,M,0.04,kg/tree
COCONUT,New Transplant,NITROGEN,H,0.02,kg/tree
COCONUT,New Transplant,PHOSPHORUS,L,0.05,kg/tree
COCONUT,New Transplant,PHOSPHORUS,M,0.25,kg/tree
COCONUT,New Transplant,PHOSPHORUS,H,0.01,kg/tree
COCONUT,New Transplant,POTASSIUM,L,0.2,kg/tree
COCONUT,New Transplant,POTASSIUM,M,0.13,kg/tree
COCONUT,New Transplant,POTASSIUM,H,0.1,kg/tree
COCONUT,1-5 years,NITROGEN,L,0.3,kg/tree
COCONUT,1-5 years,NITROGEN,M,0.2,kg/tree
COCONUT,1-5 years,NITROGEN,H,0.1,kg/tree
COCONUT,1-5 years,PHOSPHORUS,L,0.2,kg/tree
COCONUT,1-5 years,PHOSPHORUS,M,0.075,kg/tree
COCONUT,1-5 years,PHOSPHORUS,H,0.02,kg/tree
COCONUT,1-5 years,POTASSIUM,L,0.6,kg/tree
COCONUT,1-5 years,POTASSIUM,M,0.45,kg/tree
COCONUT,1-5 years,POTASSIUM,H,0.3,kg/tree
COCONUT,6-8 years,NITROGEN,L,0.4,kg/tree
COCONUT,6-8 years,NITROGEN,M,0.3,kg/tree
COCONUT,6-8 years,NITROGEN,H,0.2,kg/tree
COCONUT,6-8 years,PHOSPHORUS,L,0.3,kg/tree
COCONUT,6-8 years,PHOSPHORUS,M,0.15,kg/tree
COCONUT,6-8 years,PHOSPHORUS,H,0.05,kg/tree
COCONUT,6-8 years,POTASSIUM,L,1.2,kg/tree
COCONUT,6-8 years,POTASSIUM,M,0.9,kg/tree
COCONUT,6-8 years,POTASSIUM,H,0.6,kg/tree
COCONUT,9 years up,NITROGEN,L,0.5,kg/tree
COCONUT,9 years up,NITROGEN,M,0.4,kg/tree
COCONUT,9 years up,NITROGEN,H,0.3,kg/tree
COCONUT,9 years up,PHOSPHORUS,L,0.4,kg/tree
COCONUT,9 years up,PHOSPHORUS,M,0.25,kg/tree
COCONUT,9 years up,PHOSPHORUS,H,0.1,kg/tree
COCONUT,9 years up,POTASSIUM,L,1.8,kg/tree
COCONUT,9 years up,POTASSIUM,M,1.5,kg/tree
COCONUT,9 years up,POTASSIUM,H,1.2,kg/tree
PALM DATE (African Oil),New,NITROGEN,L,0.03,kg/tree
PALM DATE (African Oil),New,NITROGEN,M,0.02,kg/tree
PALM DATE (African Oil),New,NITROGEN,H,0.01,kg/tree
PALM DATE (African Oil),New,PHOSPHORUS,L,0.03,kg/tree
PALM DATE (African Oil),New,PHOSPHORUS,M,0.015,kg/tree
PALM DATE (African Oil),New,PHOSPHORUS,H,0.01,kg/tree
PALM DATE (African Oil),New,POTASSIUM,L,0.02,kg/tree
PALM DATE (African Oil),New,POTASSIUM,M,0.15,kg/tree
PALM DATE (African Oil),New,POTASSIUM,H,0.09,kg/tree
PALM DATE (African Oil),Young,NITROGEN,L,0.2,kg/tree
PALM DATE (African Oil),Young,NITROGEN,M,0.1,kg/tree
PALM DATE (African Oil),Young,NITROGEN,H,0.05,kg/tree
PALM DATE (African Oil),Young,PHOSPHORUS,L,0.2,kg/tree
PALM DATE (African Oil),Young,PHOSPHORUS,M,0.25,kg/tree
PALM DATE (African Oil),Young,PHOSPHORUS,H,0.04,kg/tree
PALM DATE (African Oil),Young,POTASSIUM,L,0.06,kg/tree
PALM DATE (African Oil),Young,POTASSIUM,M,0.45,kg/tree
PALM DATE (African Oil),Young,POTASSIUM,H,0.3,kg/tree
PALM DATE (African Oil),Bearing,NITROGEN,L,0.3,kg/tree
PALM DATE (African Oil),Bearing,NITROGEN,M,0.2,kg/tree
PALM DATE (African Oil),Bearing,NITROGEN,H,0.1,kg/tree
PALM DATE (African Oil),Bearing,PHOSPHORUS,L,0.25,kg/tree
PALM DATE (African Oil),Bearing,PHOSPHORUS,M,0.18,kg/tree
PALM DATE (African Oil),Bearing,PHOSPHORUS,H,0.08,kg/tree
PALM DATE (African Oil),Bearing,POTASSIUM,L,0.09,kg/tree
PALM DATE (African Oil),Bearing,POTASSIUM,M,0.6,kg/tree
PALM DATE (African Oil),Bearing,POTASSIUM,H,0.45,kg/tree
RUBBER,1 year,NITROGEN,L,0.04,kg/tree
RUBBER,1 year,NITROGEN,M,0.03,kg/tree
RUBBER,1 year,NITROGEN,H,0.02,kg/tree
RUBBER,1 year,PHOSPHORUS,L,0.08,kg/tree
RUBBER,1 year,PHOSPHORUS,M,0.05,kg/tree
RUBBER,1 year,PHOSPHORUS,H,0.02,kg/tree
RUBBER,1 year,POTASSIUM,L,0.135,kg/tree
RUBBER,1 year,POTASSIUM,M,0.09,kg/tree
RUBBER,1 year,POTASSIUM,H,0.06,kg/tree
RUBBER,2-6 years,NITROGEN,L,0.06,kg/tree
RUBBER,2-6 years,NITROGEN,M,0.05,kg/tree
RUBBER,2-6 years,NITROGEN,H,0.03,kg/tree
RUBBER,2-6 years,PHOSPHORUS,L,0.13,kg/tree
RUBBER,2-6 years,PHOSPHORUS,M,0.075,kg/tree
RUBBER,2-6 years,PHOSPHORUS,H,0.03,kg/tree
RUBBER,2-6 years,POTASSIUM,L,0.225,kg/tree
RUBBER,2-6 years,POTASSIUM,M,0.15,kg/tree
RUBBER,2-6 years,POTASSIUM,H,0.1,kg/tree
RUBBER,7 years up,NITROGEN,L,0.05,kg/tree
RUBBER,7 years up,NITROGEN,M,0.04,kg/tree
RUBBER,7 years up,NITROGEN,H,0.02,kg/tree
RUBBER,7 years up,PHOSPHORUS,L,0.11,kg/tree
RUBBER,7 years up,PHOSPHORUS,M,0.0675,kg/tree
RUBBER,7 years up,PHOSPHORUS,H,0.025,kg/tree
RUBBER,7 years up,POTASSIUM,L,0.18,kg/tree
RUBBER,7 years up,POTASSIUM,M,0.12,kg/tree
RUBBER,7 years up,POTASSIUM,H,0.08,kg/tree
SOYBEAN,,NITROGEN,L,30,kg/ha
SOYBEAN,,NITROGEN,M,25,kg/ha
SOYBEAN,,NITROGEN,H,20,kg/ha
SOYBEAN,,PHOSPHORUS,L,40,kg/ha
SOYBEAN,,PHOSPHORUS,M,25,kg/ha
SOYBEAN,,PHOSPHORUS,H,10,kg/ha
SOYBEAN,,POTASSIUM,L,40,kg/ha
SOYBEAN,,POTASSIUM,M,30,kg/ha
SOYBEAN,,POTASSIUM,H,20,kg/ha
SUGARCANE,,NITROGEN,L,150,kg/ha
SUGARCANE,,NITROGEN,M,100,kg/ha
SUGARCANE,,NITROGEN,H,75,kg/ha
SUGARCANE,,PHOSPHORUS,L,60,kg/ha
SUGARCANE,,PHOSPHORUS,M,35,kg/ha
SUGARCANE,,PHOSPHORUS,H,20,kg/ha
SUGARCANE,,POTASSIUM,L,120,kg/ha
SUGARCANE,,POTASSIUM,M,90,kg/ha
SUGARCANE,,POTASSIUM,H,60,kg/ha
TOBACCO,Wrapper,NITROGEN,L,60,kg/ha
TOBACCO,Wrapper,NITROGEN,M,40,kg/ha
TOBACCO,Wrapper,NITROGEN,H,20,kg/ha
TOBACCO,Wrapper,PHOSPHORUS,L,40,kg/ha
TOBACCO,Wrapper,PHOSPHORUS,M,25,kg/ha
TOBACCO,Wrapper,PHOSPHORUS,H,10,kg/ha
TOBACCO,Wrapper,POTASSIUM,L,90,kg/ha
TOBACCO,Wrapper,POTASSIUM,M,60,kg/ha
TOBACCO,Wrapper,POTASSIUM,H,45,kg/ha
TOBACCO,Filler,NITROGEN,L,40,kg/ha
TOBACCO,Filler,NITROGEN,M,30,kg/ha
TOBACCO,Filler,NITROGEN,H,10,kg/ha
TOBACCO,Filler,PHOSPHORUS,L,40,kg/ha
TOBACCO,Filler,PHOSPHORUS,M,25,kg/ha
TOBACCO,Filler,PHOSPHORUS,H,10,kg/ha
TOBACCO,Filler,POTASSIUM,L,90,kg/ha
TOBACCO,Filler,POTASSIUM,M,60,kg/ha
TOBACCO,Filler,POTASSIUM,H,45,kg/ha
TOBACCO,Virginia,NITROGEN,L,20,kg/ha
TOBACCO,Virginia,NITROGEN,M,10,kg/ha
TOBACCO,Virginia,NITROGEN,H,7,kg/ha
TOBACCO,Virginia,PHOSPHORUS,L,40,kg/ha
TOBACCO,Virginia,PHOSPHORUS,M,25,kg/ha
TOBACCO,Virginia,PHOSPHORUS,H,10,kg/ha
TOBACCO,Virginia,POTASSIUM,L,60,kg/ha
TOBACCO,Virginia,POTASSIUM,M,45,kg/ha
TOBACCO,Virginia,POTASSIUM,H,30,kg/ha
PINEAPPLE,Planted,NITROGEN,L,300,kg/ha
PINEAPPLE,Planted,NITROGEN,M,200,kg/ha
PINEAPPLE,Planted,NITROGEN,H,100,kg/ha
PINEAPPLE,Planted,PHOSPHORUS,L,80,kg/ha
PINEAPPLE,Planted,PHOSPHORUS,M,50,kg/ha
PINEAPPLE,Planted,PHOSPHORUS,H,20,kg/ha
PINEAPPLE,Planted,POTASSIUM,L,180,kg/ha
PINEAPPLE,Planted,POTASSIUM,M,120,kg/ha
PINEAPPLE,Planted,POTASSIUM,H,60,kg/ha
PINEAPPLE,Ratoon,NITROGEN,L,150,kg/ha
PINEAPPLE,Ratoon,NITROGEN,M,100,kg/ha
PINEAPPLE,Ratoon,NITROGEN,H,80,kg/ha
PINEAPPLE,Ratoon,PHOSPHORUS,L,40,kg/ha
PINEAPPLE,Ratoon,PHOSPHORUS,M,25,kg/ha
PINEAPPLE,Ratoon,PHOSPHORUS,H,10,kg/ha
PINEAPPLE,Ratoon,POTASSIUM,L,120,kg/ha
PINEAPPLE,Ratoon,POTASSIUM,M,75,kg/ha
PINEAPPLE,Ratoon,POTASSIUM,H,45,kg/ha
FOREST TREES,Narra/Fukien Tea Pine Trees (New),NITROGEN,L,0.012,kg/tree
FOREST TREES,Narra/Fukien Tea Pine Trees (New),NITROGEN,M,0.012,kg/tree
FOREST TREES,Narra/Fukien Tea Pine Trees (New),NITROGEN,H,0.01,kg/tree
FOREST TREES,Narra/Fukien Tea Pine Trees (New),PHOSPHORUS,L,0.004,kg/tree
FOREST TREES,Narra/Fukien Tea Pine Trees (New),PHOSPHORUS,M,0.0035,kg/tree
FOREST TREES,Narra/Fukien Tea Pine Trees (New),PHOSPHORUS,H,0.002,kg/tree
FOREST TREES,Narra/Fukien Tea Pine Trees (New),POTASSIUM,L,0.015,kg/tree
FOREST TREES,Narra/Fukien Tea Pine Trees (New),POTASSIUM,M,0.015,kg/tree
FOREST TREES,Narra/Fukien Tea Pine Trees (New),POTASSIUM,H,0.009,kg/tree
FOREST TREES,Narra/Fukien Tea Pine Trees (1-3 years),NITROGEN,L,0.025,kg/tree
FOREST TREES,Narra/Fukien Tea Pine Trees (1-3 years),NITROGEN,M,0.018,kg/tree
FOREST TREES,Narra/Fukien Tea Pine Trees (1-3 years),NITROGEN,H,0.015,kg/tree
FOREST TREES,Narra/Fukien Tea Pine Trees (1-3 years),PHOSPHORUS,L,0.007,kg/tree
FOREST TREES,Narra/Fukien Tea Pine Trees (1-3 years),PHOSPHORUS,M,0.0045,kg/tree
FOREST TREES,Narra/Fukien Tea Pine Trees (1-3 years),PHOSPHORUS,H,0.003,kg/tree
FOREST TREES,Narra/Fukien Tea Pine Trees (1-3 years),POTASSIUM,L,0.027,kg/tree
FOREST TREES,Narra/Fukien Tea Pine Trees (1-3 years),POTASSIUM,M,0.021,kg/tree
FOREST TREES,Narra/Fukien Tea Pine Trees (1-3 years),POTASSIUM,H,0.015,kg/tree
FOREST TREES,Narra/Fukien Tea Pine Trees (4-6 years),NITROGEN,L,0.04,kg/tree
FOREST TREES,Narra/Fukien Tea Pine Trees (4-6 years),NITROGEN,M,0.025,kg/tree
FOREST TREES,Narra/Fukien Tea Pine Trees (4-6 years),NITROGEN,H,0.018,kg/tree
FOREST TREES,Narra/Fukien Tea Pine Trees (4-6 years),PHOSPHORUS,L,0.01,kg/tree
FOREST TREES,Narra/Fukien Tea Pine Trees (4-6 years),PHOSPHORUS,M,0.006,kg/tree
FOREST TREES,Narra/Fukien Tea Pine Trees (4-6 years),PHOSPHORUS,H,0.004,kg/tree
FOREST TREES,Narra/Fukien Tea Pine Trees (4-6 years),POTASSIUM,L,0.039,kg/tree
FOREST TREES,Narra/Fukien Tea Pine Trees (4-6 years),POTASSIUM,M,0.027,kg/tree
FOREST TREES,Narra/Fukien Tea Pine Trees (4-6 years),POTASSIUM,H,0.021,kg/tree
FOREST TREES,Narra/Fukien Tea Pine Trees (Over 6 years),NITROGEN,L,0.05,kg/tree
FOREST TREES,Narra/Fukien Tea Pine Trees (Over 6 years),NITROGEN,M,0.04,kg/tree
FOREST TREES,Narra/Fukien Tea Pine Trees (Over 6 years),NITROGEN,H,0.03,kg/tree
FOREST TREES,Narra/Fukien Tea Pine Trees (Over 6 years),PHOSPHORUS,L,0.012,kg/tree
FOREST TREES,Narra/Fukien Tea Pine Trees (Over 6 years),PHOSPHORUS,M,0.0085,kg/tree
FOREST TREES,Narra/Fukien Tea Pine Trees (Over 6 years),PHOSPHORUS,H,0.005,kg/tree
FOREST TREES,Narra/Fukien Tea Pine Trees (Over 6 years),POTASSIUM,L,0.048,kg/tree
FOREST TREES,Narra/Fukien Tea Pine Trees (Over 6 years),POTASSIUM,M,0.039,kg/tree
FOREST TREES,Narra/Fukien Tea Pine Trees (Over 6 years),POTASSIUM,H,0.027,kg/tree
PULP TREES,New,NITROGEN,L,0.025,kg/tree
PULP TREES,New,NITROGEN,M,0.025,kg/tree
PULP TREES,New,NITROGEN,H,0.02,kg/tree
PULP TREES,New,PHOSPHORUS,L,0.003,kg/tree
PULP TREES,New,PHOSPHORUS,M,0.0025,kg/tree
PULP TREES,New,PHOSPHORUS,H,0.001,kg/tree
PULP TREES,New,POTASSIUM,L,0.015,kg/tree
PULP TREES,New,POTASSIUM,M,0.015,kg/tree
PULP TREES,New,POTASSIUM,H,0.009,kg/tree
PULP TREES,1-3 years,NITROGEN,L,0.1,kg/tree
PULP TREES,1-3 years,NITROGEN,M,0.08,kg/tree
PULP TREES,1-3 years,NITROGEN,H,0.06,kg/tree
PULP TREES,1-3 years,PHOSPHORUS,L,0.006,kg/tree
PULP TREES,1-3 years,PHOSPHORUS,M,0.0035,kg/tree
PULP TREES,1-3 years,PHOSPHORUS,H,0.002,kg/tree
PULP TREES,1-3 years,POTASSIUM,L,0.027,kg/tree
PULP TREES,1-3 years,POTASSIUM,M,0.021,kg/tree
PULP TREES,1-3 years,POTASSIUM,H,0.018,kg/tree
PULP TREES,4-6 years,NITROGEN,L,0.16,kg/tree
PULP TREES,4-6 years,NITROGEN,M,0.1,kg/tree
PULP TREES,4-6 years,NITROGEN,H,0.08,kg/tree
PULP TREES,4-6 years,PHOSPHORUS,L,0.008,kg/tree
PULP TREES,4-6 years,PHOSPHORUS,M,0.0045,kg/tree
PULP TREES,4-6 years,PHOSPHORUS,H,0.042,kg/tree
PULP TREES,4-6 years,POTASSIUM,L,0.042,kg/tree
PULP TREES,4-6 years,POTASSIUM,M,0.027,kg/tree
PULP TREES,4-6 years,POTASSIUM,H,0.021,kg/tree
PULP TREES,Over 6 years,NITROGEN,L,0.2,kg/tree
PULP TREES,Over 6 years,NITROGEN,M,0.16,kg/tree
PULP TREES,Over 6 years,NITROGEN,H,0.1,kg/tree
PULP TREES,Over 6 years,PHOSPHORUS,L,0.01,kg/tree
PULP TREES,Over 6 years,PHOSPHORUS,M,0.007,kg/tree
PULP TREES,Over 6 years,PHOSPHORUS,H,0.004,kg/tree
PULP TREES,Over 6 years,POTASSIUM,L,0.015,kg/tree
PULP TREES,Over 6 years,POTASSIUM,M,0.042,kg/tree
PULP TREES,Over 6 years,POTASSIUM,H,0.027,kg/tree
IPIL-IPIL/KAKAWATE,,NITROGEN,L,0.088,kg/tree
IPIL-IPIL/KAKAWATE,,NITROGEN,M,0.032,kg/tree
IPIL-IPIL/KAKAWATE,,NITROGEN,H,0.06,kg/tree
IPIL-IPIL/KAKAWATE,,PHOSPHORUS,L,0.014,kg/tree
IPIL-IPIL/KAKAWATE,,PHOSPHORUS,M,0.023,kg/tree
IPIL-IPIL/KAKAWATE,,PHOSPHORUS,H,0.01,kg/tree
IPIL-IPIL/KAKAWATE,,POTASSIUM,L,0.022,kg/tree
IPIL-IPIL/KAKAWATE,,POTASSIUM,M,0.008,kg/tree
IPIL-IPIL/KAKAWATE,,POTASSIUM,H,0.015,kg/tree
HERBS/BAMBOO/LAGUNDI/SAMBONG,Soft Med,NITROGEN,L,0.02,kg/plant
HERBS/BAMBOO/LAGUNDI/SAMBONG,Soft Med,NITROGEN,M,0.02,kg/plant
HERBS/BAMBOO/LAGUNDI/SAMBONG,Soft Med,NITROGEN,H,0.015,kg/plant
HERBS/BAMBOO/LAGUNDI/SAMBONG,Soft Med,PHOSPHORUS,L,0.002,kg/plant
HERBS/BAMBOO/LAGUNDI/SAMBONG,Soft Med,PHOSPHORUS,M,0.0015,kg/plant
HERBS/BAMBOO/LAGUNDI/SAMBONG,Soft Med,PHOSPHORUS,H,0.001,kg/plant
HERBS/BAMBOO/LAGUNDI/SAMBONG,Soft Med,POTASSIUM,L,0.008,kg/plant
HERBS/BAMBOO/LAGUNDI/SAMBONG,Soft Med,POTASSIUM,M,0.006,kg/plant
HERBS/BAMBOO/LAGUNDI/SAMBONG,Soft Med,POTASSIUM,H,0.003,kg/plant
HERBS/BAMBOO/LAGUNDI/SAMBONG,1-3 years,NITROGEN,L,0.04,kg/plant
HERBS/BAMBOO/LAGUNDI/SAMBONG,1-3 years,NITROGEN,M,0.03,kg/plant
HERBS/BAMBOO/LAGUNDI/SAMBONG,1-3 years,NITROGEN,H,0.02,kg/plant
HERBS/BAMBOO/LAGUNDI/SAMBONG,1-3 years,PHOSPHORUS,L,0.004,kg/plant
HERBS/BAMBOO/LAGUNDI/SAMBONG,1-3 years,PHOSPHORUS,M,0.0023,kg/plant
HERBS/BAMBOO/LAGUNDI/SAMBONG,1-3 years,PHOSPHORUS,H,0.001,kg/plant
HERBS/BAMBOO/LAGUNDI/SAMBONG,1-3 years,POTASSIUM,L,0.005,kg/plant
HERBS/BAMBOO/LAGUNDI/SAMBONG,1-3 years,POTASSIUM,M,0.009,kg/plant
HERBS/BAMBOO/LAGUNDI/SAMBONG,1-3 years,POTASSIUM,H,0.006,kg/plant
HERBS/BAMBOO/LAGUNDI/SAMBONG,4-6 years,NITROGEN,L,0.08,kg/plant
HERBS/BAMBOO/LAGUNDI/SAMBONG,4-6 years,NITROGEN,M,0.04,kg/plant
HERBS/BAMBOO/LAGUNDI/SAMBONG,4-6 years,NITROGEN,H,0.03,kg/plant
HERBS/BAMBOO/LAGUNDI/SAMBONG,4-6 years,PHOSPHORUS,L,0.005,kg/plant
HERBS/BAMBOO/LAGUNDI/SAMBONG,4-6 years,PHOSPHORUS,M,0.0035,kg/plant
HERBS/BAMBOO/LAGUNDI/SAMBONG,4-6 years,PHOSPHORUS,H,0.002,kg/plant
HERBS/BAMBOO/LAGUNDI/SAMBONG,4-6 years,POTASSIUM,L,0.018,kg/plant
HERBS/BAMBOO/LAGUNDI/SAMBONG,4-6 years,POTASSIUM,M,0.015,kg/plant
HERBS/BAMBOO/LAGUNDI/SAMBONG,4-6 years,POTASSIUM,H,0.009,kg/plant
HERBS/BAMBOO/LAGUNDI/SAMBONG,Over 6 years,NITROGEN,L,0.1,kg/plant
HERBS/BAMBOO/LAGUNDI/SAMBONG,Over 6 years,NITROGEN,M,0.08,kg/plant
HERBS/BAMBOO/LAGUNDI/SAMBONG,Over 6 years,NITROGEN,H,0.04,kg/plant
HERBS/BAMBOO/LAGUNDI/SAMBONG,Over 6 years,PHOSPHORUS,L,0.006,kg/plant
HERBS/BAMBOO/LAGUNDI/SAMBONG,Over 6 years,PHOSPHORUS,M,0.0045,kg/plant
HERBS/BAMBOO/LAGUNDI/SAMBONG,Over 6 years,PHOSPHORUS,H,0.003,kg/plant
HERBS/BAMBOO/LAGUNDI/SAMBONG,Over 6 years,POTASSIUM,L,0.024,kg/plant
HERBS/BAMBOO/LAGUNDI/SAMBONG,Over 6 years,POTASSIUM,M,0.018,kg/plant
HERBS/BAMBOO/LAGUNDI/SAMBONG,Over 6 years,POTASSIUM,H,0.015,kg/plant
KULITIS (SPINACH),,NITROGEN,L,120,kg/ha
KULITIS (SPINACH),,NITROGEN,M,80,kg/ha
KULITIS (SPINACH),,NITROGEN,H,40,kg/ha
KULITIS (SPINACH),,PHOSPHORUS,L,60,kg/ha
KULITIS (SPINACH),,PHOSPHORUS,M,40,kg/ha
KULITIS (SPINACH),,PHOSPHORUS,H,20,kg/ha
KULITIS (SPINACH),,POTASSIUM,L,75,kg/ha
KULITIS (SPINACH),,POTASSIUM,M,60,kg/ha
KULITIS (SPINACH),,POTASSIUM,H,30,kg/ha
MAGUEY (SISAL),,NITROGEN,L,50,kg/ha
MAGUEY (SISAL),,NITROGEN,M,30,kg/ha
MAGUEY (SISAL),,NITROGEN,H,20,kg/ha
MAGUEY (SISAL),,PHOSPHORUS,L,60,kg/ha
MAGUEY (SISAL),,PHOSPHORUS,M,40,kg/ha
MAGUEY (SISAL),,PHOSPHORUS,H,20,kg/ha
MAGUEY (SISAL),,POTASSIUM,L,60,kg/ha
MAGUEY (SISAL),,POTASSIUM,M,45,kg/ha
MAGUEY (SISAL),,POTASSIUM,H,30,kg/ha
MALUNGAY,,NITROGEN,L,0.04,kg/tree
MALUNGAY,,NITROGEN,M,0.03,kg/tree
MALUNGAY,,NITROGEN,H,0.02,kg/tree
MALUNGAY,,PHOSPHORUS,L,0.003,kg/tree
MALUNGAY,,PHOSPHORUS,M,0.0015,kg/tree
MALUNGAY,,PHOSPHORUS,H,0.001,kg/tree
MALUNGAY,,POTASSIUM,L,0.02,kg/tree
MALUNGAY,,POTASSIUM,M,0.01,kg/tree
MALUNGAY,,POTASSIUM,H,0.01,kg/tree
ARROW ROOT,,NITROGEN,L,60,kg/ha
ARROW ROOT,,NITROGEN,M,50,kg/ha
ARROW ROOT,,NITROGEN,H,40,kg/ha
ARROW ROOT,,PHOSPHORUS,L,60,kg/ha
ARROW ROOT,,PHOSPHORUS,M,35,kg/ha
ARROW ROOT,,PHOSPHORUS,H,20,kg/ha
ARROW ROOT,,POTASSIUM,L,90,kg/ha
ARROW ROOT,,POTASSIUM,M,60,kg/ha
ARROW ROOT,,POTASSIUM,H,30,kg/ha
CAMOTE,,NITROGEN,L,60,kg/ha
CAMOTE,,NITROGEN,M,50,kg/ha
CAMOTE,,NITROGEN,H,40,kg/ha
CAMOTE,,PHOSPHORUS,L,60,kg/ha
CAMOTE,,PHOSPHORUS,M,35,kg/ha
CAMOTE,,PHOSPHORUS,H,20,kg/ha
CAMOTE,,POTASSIUM,L,90,kg/ha
CAMOTE,,POTASSIUM,M,60,kg/ha
CAMOTE,,POTASSIUM,H,30,kg/ha
CASSAVA,,NITROGEN,L,60,kg/ha
CASSAVA,,NITROGEN,M,50,kg/ha
CASSAVA,,NITROGEN,H,40,kg/ha
CASSAVA,,PHOSPHORUS,L,60,kg/ha
CASSAVA,,PHOSPHORUS,M,35,kg/ha
CASSAVA,,PHOSPHORUS,H,20,kg/ha
CASSAVA,,POTASSIUM,L,90,kg/ha
CASSAVA,,POTASSIUM,M,60,kg/ha
CASSAVA,,POTASSIUM,H,30,kg/ha
GABI,,NITROGEN,L,60,kg/ha
GABI,,NITROGEN,M,50,kg/ha
GABI,,NITROGEN,H,40,kg/ha
GABI,,PHOSPHORUS,L,50,kg/ha
GABI,,PHOSPHORUS,M,35,kg/ha
GABI,,PHOSPHORUS,H,20,kg/ha
GABI,,POTASSIUM,L,90,kg/ha
GABI,,POTASSIUM,M,60,kg/ha
GABI,,POTASSIUM,H,30,kg/ha
TUGUI,,NITROGEN,L,60,kg/ha
TUGUI,,NITROGEN,M,50,kg/ha
TUGUI,,NITROGEN,H,40,kg/ha
TUGUI,,PHOSPHORUS,L,40,kg/ha
TUGUI,,PHOSPHORUS,M,50,kg/ha
TUGUI,,PHOSPHORUS,H,30,kg/ha
TUGUI,,POTASSIUM,L,90,kg/ha
TUGUI,,POTASSIUM,M,60,kg/ha
TUGUI,,POTASSIUM,H,30,kg/ha
YAM (Ubi),,NITROGEN,L,120,kg/ha
YAM (Ubi),,NITROGEN,M,80,kg/ha
YAM (Ubi),,NITROGEN,H,60,kg/ha
YAM (Ubi),,PHOSPHORUS,L,60,kg/ha
YAM (Ubi),,PHOSPHORUS,M,35,kg/ha
YAM (Ubi),,PHOSPHORUS,H,20,kg/ha
YAM (Ubi),,POTASSIUM,L,120,kg/ha
YAM (Ubi),,POTASSIUM,M,80,kg/ha
YAM (Ubi),,POTASSIUM,H,60,kg/ha
SHRUBS,Flowering,NITROGEN,L,0.031,kg/shrub
SHRUBS,Flowering,NITROGEN,M,0.031,kg/shrub
SHRUBS,Flowering,NITROGEN,H,0.031,kg/shrub
SHRUBS,Flowering,PHOSPHORUS,L,0.04,kg/shrub
SHRUBS,Flowering,PHOSPHORUS,M,0.04,kg/shrub
SHRUBS,Flowering,PHOSPHORUS,H,0.04,kg/shrub
SHRUBS,Flowering,POTASSIUM,L,0.06,kg/shrub
SHRUBS,Flowering,POTASSIUM,M,0.06,kg/shrub
SHRUBS,Flowering,POTASSIUM,H,0.06,kg/shrub
SHRUBS,Non Flowering,NITROGEN,L,0.03,kg/shrub
SHRUBS,Non Flowering,NITROGEN,M,0.03,kg/shrub
SHRUBS,Non Flowering,NITROGEN,H,0.03,kg/shrub
SHRUBS,Non Flowering,PHOSPHORUS,L,0.02,kg/shrub
SHRUBS,Non Flowering,PHOSPHORUS,M,0.02,kg/shrub
SHRUBS,Non Flowering,PHOSPHORUS,H,0.02,kg/shrub
SHRUBS,Non Flowering,POTASSIUM,L,0.03,kg/shrub
SHRUBS,Non Flowering,POTASSIUM,M,0.03,kg/shrub
SHRUBS,Non Flowering,POTASSIUM,H,0.03,kg/shrub
ALGAE,fishpond,NITROGEN,L,45,kg/ha
ALGAE,fishpond,NITROGEN,M,40,kg/ha
ALGAE,fishpond,NITROGEN,H,30,kg/ha
ALGAE,fishpond,PHOSPHORUS,L,60,kg/ha
ALGAE,fishpond,PHOSPHORUS,M,35,kg/ha
ALGAE,fishpond,PHOSPHORUS,H,20,kg/ha
ALGAE,fishpond,POTASSIUM,L,60,kg/ha
ALGAE,fishpond,POTASSIUM,M,45,kg/ha
ALGAE,fishpond,POTASSIUM,H,30,kg/ha
